icf_master_id,permit,hullid,complete_1,complete_2,primary_gear_revenue,primary_fmp_revenue,commercial_revenue,recreational_revenue,total_revenue,observer_supply_cost,observer_water_cost,operating_survey_cost,crew_captain_survey_cost,non_operating_survey_cost,vessel_value,vessel_val_est,vessel_age,depreciation_cost,total_operating_profit_no_crew,total_operating_cost,total_operating_profit,total_cost,total_profit,Gear,Fishery,Gear_Fishery,fmp,count_fmp
29877985G,212133,677262,1,2,35031,35031,39611,0,39611,6558,19,14493,0,16076,0,130978,38,2619.56,18541,21070,18541,34526.44,5084.56,Longline,Dogfish,Longline-Dogfish,1,3
55749631H,233835,1251022,1,2,36253,17205,36397,0,36397,692,22,54292,46675,25085,400000,60199,9,2407.96,-18609,101681,-65284,124358.04,-87961.04,Gillnet,Dogfish,Gillnet-Other,1,3
92878123H,242598,927734,1,2,40342,19807,40342,0,40342,983,31,10529,3900,36650,200000,126833,34,2536.66,28799,15443,24899,49556.34,-9214.34,Gillnet,Dogfish,Gillnet-Other,1,3
27916953H,118154,NY1070GQ,1,2,17273,11137,17273,0,17273,242,10,9097,0,16080,80000,64813,39,1296.26,7924,9349,7924,24132.74,-6859.74,Handgear,"Fluke, BSB, Scup","Handgear-Fluke, BSB, Scup",1,23
89024665A,131622,MS5159J,1,2,112539,111369,113498,0,113498,5452,7,26000,40000,30200,75000,91299,25,1825.98,82039,71459,42039,99833.02,13664.98,Pot/Trap,"Fluke, BSB, Scup","Pot/Trap-Fluke, BSB, Scup",1,23
22457654E,147069,MS9059BR,1,2,11883,7057,11883,0,11883,237,9,41501,1500,87838,75000,41013,24,1640.52,-29864,43247,-31364,129444.48,-117561.48,Handgear,"Fluke, BSB, Scup","Handgear-Fluke, BSB, Scup",1,23
71903087L,149622,DL5168Y,1,2,220573,139513,223657,0,223657,3450,4,24135,40850,65791,180000,88309,22,3532.36,196068,68439,155218,130697.64,92959.36,Pot/Trap,"Fluke, BSB, Scup","Pot/Trap-Fluke, BSB, Scup",1,23
50704479C,152169,NY1213MC,1,2,53653,48728,53653,1804,55457,404,16,15274,0,20515,61000,42308,16,1692.32,39763,15694,39763,34516.68,20940.32,Handgear,"Fluke, BSB, Scup","Handgear-Fluke, BSB, Scup",1,23
47250183H,152277,NJ9297GP,1,2,5190,5190,5190,0,5190,150,6,1860,50,1938,45000,44435,21,1777.4,3174,2066,3124,2226.6,2963.4,Handgear,"Fluke, BSB, Scup","Handgear-Fluke, BSB, Scup",1,23
76338811B,152797,NY4578EH,1,2,2241,1989,2241,0,2241,233,0,6000,0,-4800,50000,104317,29,2086.34,-3992,6233,-3992,-653.34,2894.34,Pot/Trap,"Fluke, BSB, Scup","Pot/Trap-Fluke, BSB, Scup",1,23
90956687K,210255,591609,1,2,4652,2936,4877,15337,20214,142,12,8598,0,28044,40000,70978,44,1419.56,11462,8752,11462,35376.44,-15162.44,Handgear,"Fluke, BSB, Scup","Handgear-Fluke, BSB, Scup",1,23
64228318K,211784,902404,1,2,2022,2022,2022,28611,30633,63,3,18000,0,30050,80000,64625,36,1292.5,12567,18066,12567,46823.5,-16190.5,Handgear,"Fluke, BSB, Scup","Handgear-Fluke, BSB, Scup",1,23
40769560J,212962,933533,1,2,13226,7583,13226,1418,14644,352,14,7100,0,17100,35000,59896,34,1197.92,7178,7466,7178,23368.08,-8724.08,Handgear,"Fluke, BSB, Scup","Handgear-Fluke, BSB, Scup",1,23
90771502L,213641,963273,1,2,30204,15162,30204,0,30204,4028,4,6961,0,16354,45000,115909,32,2318.18,19211,10993,19211,25028.82,5175.18,Pot/Trap,"Fluke, BSB, Scup","Pot/Trap-Fluke, BSB, Scup",1,23
59709308E,213954,1022662,1,2,22152,20745,22152,0,22152,185,7,9600,4000,14870,125000,56605,28,1132.1,12360,13792,8360,27529.9,-5377.9,Handgear,"Fluke, BSB, Scup","Handgear-Fluke, BSB, Scup",1,23
66345907C,215106,1191245,1,2,10788,11834,17450,0,17450,770,3,4850,0,156826,0,62804,16,2512.16,11827,5623,11827,159936.84,-142486.84,Pot/Trap,"Fluke, BSB, Scup","Pot/Trap-Fluke, BSB, Scup",1,23
61100721F,222744,651736,1,2,369778,361592,369778,0,369778,4553,5,62448,0,25772,75000,146119,40,2922.38,302772,67006,302772,89855.62,279922.38,Pot/Trap,"Fluke, BSB, Scup","Pot/Trap-Fluke, BSB, Scup",1,23
87878136A,233816,1248737,1,2,6877,10670,16965.16,0,16965.16,1508,222,50000,0,98700,275000,86760,9,3470.4,-34764.84,51730,-34764.84,146959.6,-129994.44,Trawl,"Fluke, BSB, Scup","Trawl-Fluke, BSB, Scup",1,23
64598582E,250466,605916,1,2,125874,98132,125874,0,125874,4051,634,43313,25000,29500,,,,8964.48,77876,72998,52876,93533.52,32340.48,Trawl,"Fluke, BSB, Scup","Trawl-Fluke, BSB, Scup",1,23
82611874L,310187,505658,1,2,218600,167078,218600,0,218600,4218,660,158500,48000,132350,0,482063,56,9641.26,55222,211378,7222,334086.74,-115486.74,Trawl,"Fluke, BSB, Scup","Trawl-Fluke, BSB, Scup",1,23
84499146L,310979,521933,1,2,854530,820453,854530,0,854530,3885,608,139800,0,219400,650000,509265,53,10185.3,710237,144293,710237,353507.7,501022.3,Trawl,"Fluke, BSB, Scup","Trawl-Fluke, BSB, Scup",1,23
35374085G,310980,1038589,1,2,819849,745745,819849,0,819849,3385,530,184000,248000,260900,650000,445823,27,8916.46,631934,435915,383934,687898.54,131950.46,Trawl,"Fluke, BSB, Scup","Trawl-Fluke, BSB, Scup",1,23
80778300L,310991,587180,1,2,301830,183188,301830,0,301830,6881,1077,174076,115461,116203,265000,228457,45,4569.14,119796,297495,4335,409128.86,-107298.86,Trawl,"Fluke, BSB, Scup","Trawl-Fluke, BSB, Scup",1,23
04306385G,321127,929882,1,2,19932,18261,29703,0,29703,629,98,13200,32000,23900,60000,352626,34,7052.52,15776,45927,-16224,62774.48,-33071.48,Trawl,"Fluke, BSB, Scup","Trawl-Fluke, BSB, Scup",1,23
90866336B,321132,585865,1,2,674042,655486,674042,0,674042,2719,426,102045,283248,73358,350000,484254,45,9685.08,568852,388438,285604,452110.92,221931.08,Trawl,"Fluke, BSB, Scup","Trawl-Fluke, BSB, Scup",1,23
98145960C,330161,531014,1,,1045735,998727,1045735,0,1045735,1110,174,25965,314470,170997,0,524144,51,10482.88,1018486,341719,704016,502233.12,543501.88,Trawl,"Fluke, BSB, Scup","Trawl-Fluke, BSB, Scup",1,23
50401848K,138096,MS6927BK,1,2,39170.55,22570,45182.55,0,45182.55,231,9,21400,3500,46165,200000,74767,37,1495.34,23542.55,25140,20042.55,69809.66,-24627.11,Handgear,Groundfish,Handgear-Other,1,7
32467161A,152208,NH2515ZV,1,2,275032,268240,275032,0,275032,309,10,43400,104000,114600,120000,128297,34,2565.94,231313,147719,127313,259753.06,15278.94,Gillnet,Groundfish,Gillnet-Other,1,7
50770028G,250508,621654,1,2,397573,319175,397573,0,397573,6382,999,117000,70000,173950,200000,203045,42,4060.9,273192,194381,203192,364270.1,33302.9,Trawl,Groundfish,Trawl-Groundfish,1,7
55435632E,310360,619934,1,2,560864,465116,560864,0,560864,7214,1129,162000,120000,314698,600000,450625,42,9012.5,390521,290343,270521,596028.5,-35164.5,Trawl,Groundfish,Trawl-Groundfish,1,7
81700060F,310453,641336,1,2,509954,445316,509954,0,509954,7159,1120,130196,213000,326154,500000,231767,41,4635.34,371479,351475,158479,672993.66,-163039.66,Trawl,Groundfish,Trawl-Groundfish,1,7
25819462L,330519,652122,1,2,990749,774550,990749,0,990749,1443,226,295147,283573,225101,0,530549,40,10610.98,693933,580389,410360,794879.02,195869.98,Trawl,Groundfish,Trawl-Groundfish,1,7
95869670C,410242,615489,1,2,2856286,2659895,2856286,0,2856286,1831,287,746000,868000,526644,900000,595612,43,11912.24,2108168,1616118,1240168,2130849.76,725436.24,Trawl,Groundfish,Trawl-Groundfish,1,7
43240207C,152445,ME21GSN,1,2,155099,155099,155099,0,155099,20,0,16248,106836,82735,275000,126154,33,2523.08,138831,123104,31995,203315.92,-48216.92,Seine,Herring,Seine-Herring,1,4
33794810J,410100,563802,1,2,485335,485335,485335,0,485335,18,0,38170,196000,249193,0,1100497,47,22009.94,447147,234188,251147,461371.06,23963.94,Seine,Herring,Seine-Herring,1,4
95498852F,420064,989516,1,2,771519,594183,771519,0,771519,166,26,66077,294205,230900,0,825693,29,16513.86,705250,360474,411045,574860.14,196658.86,Trawl,Herring,Trawl-Other,1,4
58295317A,440014,1062183,1,2,845899,655830,852649,0,852649,336,52,190800,228000,848000,0,762328,25,15246.56,661461,419188,433461,1251941.44,-399292.44,Trawl,Herring,Trawl-Other,1,4
57658913H,123551,NH6436D,1,2,14310,14310,14310,19245,33555,46,2,14350,8000,38650,60000,70803,38,1416.06,19157,22398,11157,59631.94,-26076.94,Handgear,Highly Migratory Species,Handgear-Highly Migratory Species,1,34
98578569L,149891,MS8117AU,1,2,7053,7053,7053,0,7053,35,1,4594,400,8550,60000,42770,21,1710.8,2423,5030,2023,11869.2,-4816.2,Handgear,Highly Migratory Species,Handgear-Highly Migratory Species,1,34
57824292B,150001,NC2015WS,1,2,529492,600086.25,633610.25,0,633610.25,786,15,85000,192000,60215,200000,58103,21,2324.12,547809.25,277801,355809.25,335691.88,297918.37,Handgear,Highly Migratory Species,Handgear-Highly Migratory Species,1,34
40139705E,151240,MS5034AX,1,2,3737,3245,3737,0,3737,115,5,3419,0,115153,16000,59186,37,1183.72,198,3539,198,117508.28,-113771.28,Handgear,Highly Migratory Species,Handgear-Highly Migratory Species,1,34
97915179C,151415,RI5150BB,1,2,32318.26,22595.26,32318.26,0,32318.26,75,3,12000,0,70400,90000,37247,16,1489.88,20240.26,12078,20240.26,80988.12,-48669.86,Handgear,Highly Migratory Species,Handgear-Highly Migratory Species,1,34
67672600H,152355,ME211CF,1,2,57182.25,57182.25,57182.25,0,57182.25,115,5,108000,0,295600,0,43982,9,1759.28,-50937.75,108120,-50937.75,401960.72,-344778.47,Handgear,Highly Migratory Species,Handgear-Highly Migratory Species,1,34
28090231E,152441,MS0088TS,1,2,4548.5,3639.5,4548.5,0,4548.5,6,0,6950,0,25394,100000,43057,16,1722.28,-2407.5,6956,-2407.5,30627.72,-26079.22,Handgear,Highly Migratory Species,Handgear-Highly Migratory Species,1,34
98251895E,152462,MS2923BJ,1,2,37530,37530,37530,0,37530,87,3,27500,25000,64000,670000,44478,5,1779.12,9940,52590,-15060,114810.88,-77280.88,Handgear,Highly Migratory Species,Handgear-Highly Migratory Species,1,34
49960700B,152559,948601,1,2,5642,5037,5642,0,5642,23,1,1040,0,12030,180000,65873,33,1317.46,4578,1064,4578,11776.54,-6134.54,Handgear,Highly Migratory Species,Handgear-Highly Migratory Species,1,34
79303086H,152634,ME21KRS,1,2,4543.54,4543.54,4543.54,0,4543.54,6,0,6018,500,17773,95000,42850,16,1714,-1480.46,6524,-1980.46,22583,-18039.46,Handgear,Highly Migratory Species,Handgear-Highly Migratory Species,1,34
33633789A,152657,CT0085BM,1,2,1108.8,1108.8,1108.8,0,1108.8,0,0,1000,0,60600,350000,49588,13,1983.52,108.8,1000,108.8,59616.48,-58507.68,Handgear,Highly Migratory Species,Handgear-Highly Migratory Species,1,34
69472734H,153083,MD7890DC,1,2,4144,4144,4144,0,4144,6,0,138417,50,194850,0,401448,3,16057.92,-134279,138473,-134329,317265.08,-313121.08,Handgear,Highly Migratory Species,Handgear-Highly Migratory Species,1,34
09684228G,153178,MS5263BM,1,2,28620.68,15161.68,28843.68,0,28843.68,177,14,11000,0,15100,30000,48062,26,961.24,17652.68,11191,17652.68,25329.76,3513.92,Handgear,Highly Migratory Species,Handgear-Highly Migratory Species,1,34
61132819J,153542,MS1987BP,1,2,10439,10439,10439,0,10439,23,1,3640,0,23755,60000,55702,31,1114.04,6775,3664,6775,26304.96,-15865.96,Handgear,Highly Migratory Species,Handgear-Highly Migratory Species,1,34
12673043C,153726,MS6479BS,1,2,12909.75,12909.75,12909.75,0,12909.75,23,1,4680,0,59761,0,43883,17,1755.32,8205.75,4704,8205.75,62709.68,-49799.93,Handgear,Highly Migratory Species,Handgear-Highly Migratory Species,1,34
22094620E,153813,NH2619ZP,1,2,2330,2330,2330,0,2330,0,0,4000,0,16050,50000,58050,35,1161,-1670,4000,-1670,18889,-16559,Handgear,Highly Migratory Species,Handgear-Highly Migratory Species,1,34
24720107E,211941,913082,1,2,1720,1720,1720,0,1720,0,0,1920,0,33330,70000,65206,36,1304.12,-200,1920,-200,33945.88,-32225.88,Handgear,Highly Migratory Species,Handgear-Highly Migratory Species,1,34
06281632H,212309,612147,1,2,15424.5,15424.5,15424.5,0,15424.5,6,0,3250,0,16300,75000,68291,43,1365.82,12168.5,3256,12168.5,18190.18,-2765.68,Handgear,Highly Migratory Species,Handgear-Highly Migratory Species,1,34
37420691C,213391,962531,1,2,7554,7554,7554,0,7554,6,0,2419,0,9865,19500,67373,34,1347.46,5129,2425,5129,10942.54,-3388.54,Handgear,Highly Migratory Species,Handgear-Highly Migratory Species,1,34
67973184L,214649,1043112,1,2,2498,2498,2498,10450,12948,12,0,7300,5000,19350,100000,58155,26,1163.1,5636,12312,636,30498.9,-17550.9,Handgear,Highly Migratory Species,Handgear-Highly Migratory Species,1,34
21985554B,214885,1055446,1,2,5313,5313,5553,0,5553,215,1,14000,1038,12438,125000,56965,26,1139.3,-8663,15254,-9701,26552.7,-20999.7,Handgear,Highly Migratory Species,Handgear-Highly Migratory Species,1,34
66541124B,215182,1073424,1,2,7278.25,3353.25,7278.25,0,7278.25,75,3,3900,2000,5050,100000,52236,24,2089.44,3300.25,5978,1300.25,8938.56,-1660.31,Handgear,Highly Migratory Species,Handgear-Highly Migratory Species,1,34
67356599K,215391,1225049,1,2,13203,9520,13203,0,13203,29,1,85500,150000,379000,,,,1423.76,-72327,235530,-222327,613106.24,-599903.24,Handgear,Highly Migratory Species,Handgear-Highly Migratory Species,1,34
33687040L,215502,957315,1,2,7791.98,7626.98,8259.98,0,8259.98,61,9,4618,0,22220,90000,64995,33,1299.9,3571.98,4688,3571.98,25608.1,-17348.12,Handgear,Highly Migratory Species,Handgear-Highly Migratory Species,1,34
62009401F,221117,648979,1,2,361569.5,353557.5,361569.5,0,361569.5,4399,11,82653,63260,144356,250000,139813,40,2796.26,274506.5,150323,211246.5,291882.74,69686.76,Longline,Highly Migratory Species,Longline-Highly Migratory Species,1,34
55705912C,230228,557094,1,2,18722.52,9826.52,18722.52,950,19672.52,63,3,8700,0,14290,0,83989,49,1679.78,10906.52,8766,10906.52,21376.22,-1703.7,Handgear,Highly Migratory Species,Handgear-Highly Migratory Species,1,34
78341685H,233750,1140121,1,2,37053,37053,37053,0,37053,92,4,27050,25000,51500,175000,51109,19,2044.36,9907,52146,-15093,101601.64,-64548.64,Handgear,Highly Migratory Species,Handgear-Highly Migratory Species,1,34
98407872B,233764,1055916,1,2,3726,3726,3726,109630,113356,0,0,14400,29380,31898,150000,57437,25,1148.74,98956,43780,69576,74529.26,38826.74,Handgear,Highly Migratory Species,Handgear-Highly Migratory Species,1,34
07276752A,233832,984482,1,2,18028.54,18028.54,18028.54,0,18028.54,69,3,17400,18000,39275,120000,63039,30,1260.78,556.54,35472,-17443.46,73486.22,-55457.68,Handgear,Highly Migratory Species,Handgear-Highly Migratory Species,1,34
89790118L,241088,620185,1,2,17363,15238,17363,0,17363,29,1,18500,20000,24330,170000,86114,42,1722.28,-1167,38530,-21167,61137.72,-43774.72,Handgear,Highly Migratory Species,Handgear-Highly Migratory Species,1,34
06567907K,243118,1093266,1,2,2497,1380,2497,1143,3640,29,1,18500,0,250100,1000000,63209,22,2528.36,-14890,18530,-14890,266101.64,-262461.64,Handgear,Highly Migratory Species,Handgear-Highly Migratory Species,1,34
48105462A,251920,1139183,1,2,6213.5,6213.5,6213.5,887,7100.5,17,1,12063,200,32149,0,78737,22,3149.48,-4980.5,12281,-5180.5,41280.52,-34180.02,Handgear,Highly Migratory Species,Handgear-Highly Migratory Species,1,34
78098545K,310655,929813,1,2,431162,429294,431162,0,431162,2095,5,121090,46257,91137,0,970489,34,19409.78,307972,169447,261715,241174.22,189987.78,Longline,Highly Migratory Species,Longline-Highly Migratory Species,1,34
77961711L,321022,997091,1,2,5230,3746,5230,0,5230,838,2,58000,43893,438755,600000,817953,29,16359.06,-53610,102733,-97503,525128.94,-519898.94,Longline,Highly Migratory Species,Longline-Highly Migratory Species,1,34
12118964K,118048,ME4856Z,1,2,40521,40521,40521,0,40521,1868,2,17450,10400,16090,75000,143371,41,2867.42,21201,29720,10801,42942.58,-2421.58,Pot/Trap,Lobster,Pot/Trap-Lobster,1,152
77098434H,121500,ME8602M,1,2,99009,96769,99009,0,99009,5137,5,70673,41204,62072,0,145284,40,2905.68,23194,117019,-18010,176185.32,-77176.32,Pot/Trap,Lobster,Pot/Trap-Lobster,1,152
88843463H,123972,MS2574ST,1,2,75402,73690,75402,0,75402,2218,2,11862,6369,30559,70000,140360,39,2807.2,61320,20451,54951,48202.8,27199.2,Pot/Trap,Lobster,Pot/Trap-Lobster,1,152
93698639G,125047,MS5210AM,1,2,111985,107220,123425,0,123425,12343,876,35783,2460,35594,75000,122975,34,2459.5,74423,51462,71963,84596.5,38828.5,Pot/Trap,Lobster,Pot/Trap-Lobster,1,152
50089617A,133078,MS0033PN,1,2,348,348,348,0,348,58,0,7120,0,8080,100000,259668,34,5193.36,-6830,7178,-6830,10064.64,-9716.64,Pot/Trap,Lobster,Pot/Trap-Lobster,1,152
54255915K,135651,MS6972XX,1,2,115834,115834,115834,0,115834,4261,4,20748,27440,20189,90000,146874,40,2937.48,90821,52453,63381,69704.52,46129.48,Pot/Trap,Lobster,Pot/Trap-Lobster,1,152
71626781A,136006,MS1811KH,1,2,250294,251411,251411,0,251411,6280,7,82455,56120,92309,500000,104565,27,2091.3,162669,144862,106549,235079.7,16331.3,Pot/Trap,Lobster,Pot/Trap-Lobster,1,152
55057959L,136154,MS1898KH,1,2,51289,51289,51289,0,51289,2977,3,14060,10000,29600,0,143694,40,2873.88,34249,27040,24249,53766.12,-2477.12,Pot/Trap,Lobster,Pot/Trap-Lobster,1,152
28833536F,136583,ME7905L,1,2,49132,49132,49132,0,49132,2919,3,44326,6663,22087,100000,121310,33,2426.2,1884,53911,-4779,73571.8,-24439.8,Pot/Trap,Lobster,Pot/Trap-Lobster,1,152
64027905G,136617,MS0083EA,1,2,36394,36394,36394,0,36394,1343,1,11925,7500,19707,125000,141632,39,2832.64,23125,20769,15625,37643.36,-1249.36,Pot/Trap,Lobster,Pot/Trap-Lobster,1,152
63976614C,137413,MS5353SL,1,2,248165,248165,248165,0,248165,5779,6,115200,50000,-225750,150000,128614,35,2572.28,127180,170985,77180,-57337.28,305502.28,Pot/Trap,Lobster,Pot/Trap-Lobster,1,152
52971695H,138586,ME0498K,1,2,92150,90924,92150,0,92150,6129,6,54307,17165,82853,100000,101783,27,2035.66,31708,77607,14543,158424.34,-66274.34,Pot/Trap,Lobster,Pot/Trap-Lobster,1,152
55154146B,139211,1313985,1,2,43009,43009,43009,0,43009,2860,3,23532,9000,41058,0,102340,27,2046.8,16614,35395,7614,74406.2,-31397.2,Pot/Trap,Lobster,Pot/Trap-Lobster,1,152
45814179L,145741,ME5454B,1,2,104166,104166,104166,0,104166,4495,5,42200,15000,60135,285000,126552,34,2531.04,57466,61700,42466,119303.96,-15137.96,Pot/Trap,Lobster,Pot/Trap-Lobster,1,152
21491640B,146691,MS5743BD,1,2,11333,11333,11457,0,11457,1348,2,4180,0,6750,70000,123372,34,2467.44,5927,5530,5927,9812.56,1644.44,Pot/Trap,Lobster,Pot/Trap-Lobster,1,152
00264089G,147366,MS2895KV,1,2,330843,330843,330843,0,330843,6421,7,121500,105000,138400,400000,94727,23,3789.08,202915,232928,97915,367538.92,-36695.92,Pot/Trap,Lobster,Pot/Trap-Lobster,1,152
21667576H,148027,ME2814R,1,2,157587,157587,157587,0,157587,7238,7,35251,38137,41223,200000,88765,23,3550.6,115091,80633,76954,118305.4,39281.6,Pot/Trap,Lobster,Pot/Trap-Lobster,1,152
43565225H,148699,ME5374K,1,2,719334,719334,719334,0,719334,7355,8,196400,176000,155000,550000,100516,26,2010.32,515571,379763,339571,532752.68,186581.32,Pot/Trap,Lobster,Pot/Trap-Lobster,1,152
31498812C,149194,ME6297E,1,2,103150,100513,114245,0,114245,6074,195,57120,65000,61100,125000,79002,20,3160.08,50856,128389,-14144,186328.92,-72083.92,Pot/Trap,Lobster,Pot/Trap-Lobster,1,152
81758282B,149222,ME4902Z,1,2,392479,392479,392479,0,392479,6655,7,78430,82330,96930,250000,88690,22,3547.6,307387,167422,225057,260804.4,131674.6,Pot/Trap,Lobster,Pot/Trap-Lobster,1,152
82119791F,149226,ME156PP,1,2,186646,186646,274328,0,274328,8025,601,61500,60000,251800,349000,79399,20,3175.96,204202,130126,144202,378750.04,-104422.04,Pot/Trap,Lobster,Pot/Trap-Lobster,1,152
40971282B,149263,ME10NLC,1,2,108925,104159,122091,0,122091,6074,222,54485,67462,31231,350000,75747,19,3029.88,61310,128243,-6152,156444.12,-34353.12,Pot/Trap,Lobster,Pot/Trap-Lobster,1,152
28451224H,149281,1149037,1,2,23626,23497,23626,0,23626,1634,2,7210,3500,24675,300000,77734,19,3109.36,14780,12346,11280,33911.64,-10285.64,Pot/Trap,Lobster,Pot/Trap-Lobster,1,152
70905043C,149574,MS9406AJ,1,2,84550,79907,84550,0,84550,6538,7,43900,15000,25950,250000,153462,42,3069.24,34105,65445,19105,88325.76,-3775.76,Pot/Trap,Lobster,Pot/Trap-Lobster,1,152
17226237K,149911,NH1559BL,1,2,224459,223203,224459,0,224459,6771,7,56150,48432,34208,0,101271,26,2025.42,161531,111360,113099,143542.58,80916.42,Pot/Trap,Lobster,Pot/Trap-Lobster,1,152
34194137K,150117,ME133YB,1,,119410,119410,119410,0,119410,2043,2,71000,18000,55650,600000,112341,30,2246.82,46365,91045,28365,144448.18,-25038.18,Pot/Trap,Lobster,Pot/Trap-Lobster,1,152
21232813A,150269,ME115JM,1,2,211793,211490,211793,0,211793,8990,9,59495,66414,55924,80000,129011,35,2580.22,143299,134908,76885,188251.78,23541.22,Pot/Trap,Lobster,Pot/Trap-Lobster,1,152
47269469B,150291,ME14JKG,1,2,178956,178956,178956,0,178956,3502,4,79953,64450,63045,235000,83846,21,3353.84,95497,147909,31047,207600.16,-28644.16,Pot/Trap,Lobster,Pot/Trap-Lobster,1,152
92148931G,150709,ME15FNC,1,2,470293,470101,475626.73,0,475626.73,3794,4,124500,100000,280501,400000,86231,21,3449.24,347328.73,228298,247328.73,505349.76,-29723.03,Pot/Trap,Lobster,Pot/Trap-Lobster,1,152
18870361F,151476,MS1493BC,1,2,10195,10195,10195,0,10195,233,0,221025,100000,119700,650000,76467,18,3058.68,-211063,321258,-311063,437899.32,-427704.32,Pot/Trap,Lobster,Pot/Trap-Lobster,1,152
62675488C,151493,910067,1,2,250990,250990,250990,0,250990,6188,6,59197,37702,80972,0,132266,36,2645.32,185599,103093,147897,181419.68,69570.32,Pot/Trap,Lobster,Pot/Trap-Lobster,1,152
41695952G,151591,MS9838BA,1,2,277830,270097,277830,0,277830,5896,6,68100,70000,456910,425000,115124,30,2302.48,203828,144002,133828,598609.52,-320779.52,Pot/Trap,Lobster,Pot/Trap-Lobster,1,152
24027857L,151606,ME187MG,1,2,144872,144333,201078,0,201078,11163,847,83000,40000,75400,100000,170922,48,3418.44,106068,135010,66068,206991.56,-5913.56,Pot/Trap,Lobster,Pot/Trap-Lobster,1,152
79657376A,151639,MS8126RM,1,2,33917,33917,33917,0,33917,4320,4,11350,0,23955,100000,131074,36,2621.48,18243,15674,18243,37007.52,-3090.52,Pot/Trap,Lobster,Pot/Trap-Lobster,1,152
74595425L,151691,ME18VFY,1,2,105023,104958,146156,0,146156,8241,826,62500,0,433060,500000,78529,19,3141.16,74589,71567,74589,501485.84,-355329.84,Pot/Trap,Lobster,Pot/Trap-Lobster,1,152
42361545F,151857,MS8718AY,1,2,142126,73247,142126,0,142126,3502,4,50000,40000,40750,250000,104684,28,2093.68,88620,93506,48620,132162.32,9963.68,Pot/Trap,Lobster,Pot/Trap-Lobster,1,152
51433200C,152177,ME20TEK,1,2,478443,478443,478443,0,478443,4378,5,202500,100000,146700,760000,37413,6,1496.52,271560,306883,171560,452086.48,26356.52,Pot/Trap,Lobster,Pot/Trap-Lobster,1,152
91527995G,152299,MS1639BH,1,2,426116,424872,426116,0,426116,7939,8,100980,98129,179509,850000,39003,6,1560.12,317189,207056,219060,385004.88,41111.12,Pot/Trap,Lobster,Pot/Trap-Lobster,1,152
44087097B,152336,NH2528NL,1,2,265851,257445,265851,0,265851,7530,8,73025,52000,57600,500000,98100,25,1962,185288,132563,133288,188201,77650,Pot/Trap,Lobster,Pot/Trap-Lobster,1,152
89995915G,152377,RI4054AM,1,2,7239,4792,7239,0,7239,467,0,13000,0,12050,0,79474,21,3178.96,-6228,13467,-6228,22338.04,-15099.04,Pot/Trap,Lobster,Pot/Trap-Lobster,1,152
89245572F,152596,NH2544JL,1,2,34646,34190,34646,0,34646,2043,2,11300,6500,22090,200000,95994,24,3839.76,21301,19845,14801,38095.24,-3449.24,Pot/Trap,Lobster,Pot/Trap-Lobster,1,152
31635161K,152786,ME224SY,1,2,92137,87728,100378,0,100378,5507,304,83000,0,73068,600000,89958,23,3598.32,11567,88811,11567,158280.68,-57902.68,Pot/Trap,Lobster,Pot/Trap-Lobster,1,152
13057391G,153048,NH2580ZV,1,2,104386,100102,104386,0,104386,2802,3,137000,23000,101700,350000,92740,23,3709.6,-35419,162805,-58419,260795.4,-156409.4,Pot/Trap,Lobster,Pot/Trap-Lobster,1,152
08661928C,153057,NJ4122HM,1,2,31468,30645,31468,0,31468,992,1,23474,10800,40557,114000,116863,32,2337.26,7001,35267,-3799,73486.74,-42018.74,Pot/Trap,Lobster,Pot/Trap-Lobster,1,152
22188014K,213653,583128,1,2,82286,82286,82286,0,82286,3969,4,25576,18600,14275,55000,157939,45,3158.78,52737,48149,34137,59265.22,23020.78,Pot/Trap,Lobster,Pot/Trap-Lobster,1,152
01289150K,214861,1047884,1,2,233945,233945,233945,0,233945,5779,6,103294,67990,102973,475000,101311,26,2026.22,124866,177069,56876,278015.78,-44070.78,Pot/Trap,Lobster,Pot/Trap-Lobster,1,152
58034249G,214964,1108553,1,2,120630,120630,120630,0,120630,4787,5,70000,15000,124900,0,82256,21,3290.24,45838,89792,30838,211401.76,-90771.76,Pot/Trap,Lobster,Pot/Trap-Lobster,1,152
87623896J,214978,1119701,1,2,33937,33937,40194,0,40194,765,1,14300,4000,20170,300000,84204,21,3368.16,25128,19066,21128,35867.84,4326.16,Pot/Trap,Lobster,Pot/Trap-Lobster,1,152
27678152C,215068,1177004,1,2,138059,138059,138059,0,138059,6655,7,65000,45000,92850,0,70232,17,2809.28,66397,116662,21397,206702.72,-68643.72,Pot/Trap,Lobster,Pot/Trap-Lobster,1,152
22676691B,215142,1232431,1,2,20874,20874,20874,12920,33794,1576,2,14100,30000,40200,0,53835,13,2153.4,18116,45678,-11884,83724.6,-49930.6,Pot/Trap,Lobster,Pot/Trap-Lobster,1,152
72140271C,215233,1095115,1,2,16492,16492,16492,0,16492,1465,2,10920,0,15503,50000,127496,36,2549.92,4105,12387,4105,25340.08,-8848.08,Pot/Trap,Lobster,Pot/Trap-Lobster,1,152
79943373L,220494,572554,1,2,152084,150754,152084,0,152084,6946,7,42899,47502,79624,0,168895,48,3377.9,102232,97354,54730,173600.1,-21516.1,Pot/Trap,Lobster,Pot/Trap-Lobster,1,152
47318815B,220724,595131,1,2,36185,36145,36185,0,36185,2744,3,9372,0,16513,14000,233302,44,4666.04,24066,12119,24066,23965.96,12219.04,Pot/Trap,Lobster,Pot/Trap-Lobster,1,152
04342514J,221128,592440,1,2,46177,45008,46177,0,46177,1576,2,12628,15039,27737,90000,156632,44,3132.64,31971,29245,16932,53849.36,-7672.36,Pot/Trap,Lobster,Pot/Trap-Lobster,1,152
39849293G,221200,619431,1,2,33343,33343,33343,0,33343,1226,1,2895,0,4862,70000,227834,50,4556.68,29221,4122,29221,4427.32,28915.68,Pot/Trap,Lobster,Pot/Trap-Lobster,1,152
13871106J,221581,656583,1,2,129959,129959,129959,0,129959,2860,3,21412,41209,43992,350000,139525,39,2790.5,105684,65484,64475,106685.5,23273.5,Pot/Trap,Lobster,Pot/Trap-Lobster,1,152
65737109K,221746,699307,1,2,37568,37568,37568,0,37568,2860,3,19678,6143,18379,70000,129802,36,2596.04,15027,28684,8884,44466.96,-6898.96,Pot/Trap,Lobster,Pot/Trap-Lobster,1,152
16940342G,221836,924261,1,2,160650,160430,162540,0,162540,9281,10,52200,0,20136,0,132738,37,2654.76,101049,61491,101049,78972.24,83567.76,Pot/Trap,Lobster,Pot/Trap-Lobster,1,152
25309853L,221850,916981,1,2,67213,66418,67213,0,67213,4845,5,29463,2459,18673,0,235040,35,4700.8,32900,36772,30441,50744.2,16468.8,Pot/Trap,Lobster,Pot/Trap-Lobster,1,152
61799880H,222276,963889,1,,85643,85643,85643,0,85643,4728,5,28600,0,253675,80000,118374,32,2367.48,52310,33333,52310,284640.52,-198997.52,Pot/Trap,Lobster,Pot/Trap-Lobster,1,152
40910422C,223229,954834,1,2,2827,2827,2827,0,2827,292,0,4900,3000,59300,175000,119998,33,2399.96,-2365,8192,-5365,65092.04,-62265.04,Pot/Trap,Lobster,Pot/Trap-Lobster,1,152
61465754K,223360,1049534,1,2,33622,33622,33622,0,33622,4203,4,12100,0,13981,100000,94082,25,1881.64,17315,16307,17315,28406.36,5215.64,Pot/Trap,Lobster,Pot/Trap-Lobster,1,152
99090231G,223363,1056621,1,2,150678,150678,152858,0,152858,7238,7,44000,10000,40650,300000,96506,25,1930.12,101613,61245,91613,99964.88,52893.12,Pot/Trap,Lobster,Pot/Trap-Lobster,1,152
34446416H,223371,1050793,1,2,96817,96817,96817,3040,99857,2860,3,21808,13000,103612,200000,95115,25,1902.3,75186,37671,62186,139380.7,-39523.7,Pot/Trap,Lobster,Pot/Trap-Lobster,1,152
52925435E,223471,1078114,1,2,118990,118892,209504,0,209504,3303,7,81538,82232,96966,600000,94086,24,3763.44,124656,167080,42424,260282.56,-50778.56,Pot/Trap,Lobster,Pot/Trap-Lobster,1,152
94260388C,223475,1085736,1,2,88310,88310,88310,0,88310,5195,5,56894,4612,72776,275000,90355,23,3614.2,26216,66706,21604,135867.8,-47557.8,Pot/Trap,Lobster,Pot/Trap-Lobster,1,152
43328202H,223483,1088324,1,2,394087,394087,394087,0,394087,5545,6,86020,80670,111186,450000,89958,23,3598.32,302516,172241,221846,279828.68,114258.32,Pot/Trap,Lobster,Pot/Trap-Lobster,1,152
91909441B,223549,1109245,1,2,97924,97924,97924,0,97924,1401,1,33000,0,70558,0,82256,21,3290.24,63522,34402,63522,101669.76,-3745.76,Pot/Trap,Lobster,Pot/Trap-Lobster,1,152
24007969J,223578,1125342,1,2,355783,361301,397348,0,397348,7425,8,126500,105000,162070,250000,262669,20,10506.76,263415,238933,158415,390496.24,6851.76,Pot/Trap,Lobster,Pot/Trap-Lobster,1,152
99806554C,223592,1111672,1,2,91533,91533,91533,0,91533,4320,4,42900,14000,40382,170000,82256,21,3290.24,44309,61224,30309,98315.76,-6782.76,Pot/Trap,Lobster,Pot/Trap-Lobster,1,152
91547944B,223663,1178992,1,2,69684,69684,69684,0,69684,4436,5,10500,5000,21400,200000,69596,17,2783.84,54743,19941,49743,38557.16,31126.84,Pot/Trap,Lobster,Pot/Trap-Lobster,1,152
06501213A,223679,1050197,1,2,145876,145876,145876,0,145876,7589,8,47680,15938,23985,0,97336,26,1946.72,90599,71215,74661,93253.28,52622.72,Pot/Trap,Lobster,Pot/Trap-Lobster,1,152
01367050K,223694,1182596,1,2,73612,72762,73612,0,73612,2277,2,14320,0,52722,0,66341,16,2653.64,57013,16599,57013,66667.36,6944.64,Pot/Trap,Lobster,Pot/Trap-Lobster,1,152
62764081F,223806,1201991,1,2,155658,155658,155658,0,155658,3444,4,49701,34564,75197,350000,75429,19,3017.16,102509,87713,67945,159892.84,-4234.84,Pot/Trap,Lobster,Pot/Trap-Lobster,1,152
38560999E,223869,1096285,1,2,17339,16572,17339,0,17339,525,1,126146,68000,178930,195000,94082,25,1881.64,-109333,194672,-177333,371720.36,-354381.36,Pot/Trap,Lobster,Pot/Trap-Lobster,1,152
84019411K,230156,554592,1,2,23795,22766,23795,0,23795,700,1,16605,4204,437601,175000,174614,49,3492.28,6489,21510,2285,455618.72,-431823.72,Pot/Trap,Lobster,Pot/Trap-Lobster,1,152
48480992F,230985,635591,1,2,59800,58338,59800,0,59800,2568,3,16674,0,32313,0,148022,41,2960.44,40555,19245,40555,48597.56,11202.44,Pot/Trap,Lobster,Pot/Trap-Lobster,1,152
50165740C,231529,697457,1,2,205699,205699,205699,0,205699,5662,6,90573,68586,71719,300000,259941,36,5198.82,109458,164827,40872,231347.18,-25648.18,Pot/Trap,Lobster,Pot/Trap-Lobster,1,152
82994531J,231803,952224,1,2,320290,320290,320290,0,320290,4320,4,85095,66300,117375,225000,122502,33,2450.04,230871,155719,164571,270643.96,49646.04,Pot/Trap,Lobster,Pot/Trap-Lobster,1,152
64968744F,231809,947819,1,2,204810,204810,205020,0,205020,9340,37,32578,0,25430,150000,124013,33,2480.26,163065,41955,163065,64904.74,140115.26,Pot/Trap,Lobster,Pot/Trap-Lobster,1,152
02360262B,232084,924259,1,2,142624,140895,142624,0,142624,5370,6,77000,17500,101675,90000,127779,35,2555.58,60248,99876,42748,198995.42,-56371.42,Pot/Trap,Lobster,Pot/Trap-Lobster,1,152
98348093K,232174,901407,1,2,40178,40178,40178,0,40178,2043,2,10949,0,14996,12000,132266,36,2645.32,27184,12994,27184,25344.68,14833.32,Pot/Trap,Lobster,Pot/Trap-Lobster,1,152
26436291B,232304,998559,1,2,258512,258512,258512,0,258512,3094,3,84550,60500,189395,300000,106270,28,2125.4,170865,148147,110365,335416.6,-76904.6,Pot/Trap,Lobster,Pot/Trap-Lobster,1,152
59541968G,232539,1028089,1,2,280973,280973,280973,0,280973,5545,6,52000,80000,54488,0,105038,28,2100.76,223422,137551,143422,189938.24,91034.76,Pot/Trap,Lobster,Pot/Trap-Lobster,1,152
75556957L,232552,901755,1,2,29939,29939,29939,0,29939,817,1,123464,55000,88475,125000,133021,36,2660.42,-94343,179282,-149343,265096.58,-235157.58,Pot/Trap,Lobster,Pot/Trap-Lobster,1,152
89174440J,233154,1052004,1,2,239562,239562,239562,0,239562,7771,10,112000,0,109700,400000,249198,25,4983.96,119781,119781,119781,224497.04,15064.96,Pot/Trap,Lobster,Pot/Trap-Lobster,1,152
74841395L,233290,1093929,1,2,163926,163926,163926,0,163926,4787,5,62023,28935,55469,250000,86186,22,3447.44,97111,95750,68176,147771.56,16154.44,Pot/Trap,Lobster,Pot/Trap-Lobster,1,152
65431379A,233321,1106257,1,2,108691,108691,108691,0,108691,4670,5,42830,57360,23500,200000,85908,22,3436.32,61186,104865,3826,124928.68,-16237.68,Pot/Trap,Lobster,Pot/Trap-Lobster,1,152
66896376J,233346,1111461,1,2,353371,353371,389150.5,0,389150.5,5721,6,75000,50000,50700,0,82614,21,3304.56,308423.5,130727,258423.5,178122.44,211028.06,Pot/Trap,Lobster,Pot/Trap-Lobster,1,152
57109785H,233360,1116776,1,2,184876,184876,184876,0,184876,6479,7,46946,0,22922,170000,84243,21,3369.72,131444,53432,131444,72984.28,111891.72,Pot/Trap,Lobster,Pot/Trap-Lobster,1,152
75876313H,233363,1113670,1,2,332956,331701,332956,0,332956,9340,10,91000,50000,59900,280000,82654,21,3306.16,232606,150350,182606,206943.84,126012.16,Pot/Trap,Lobster,Pot/Trap-Lobster,1,152
62806482H,233375,1121814,1,2,311387,310423,311387,0,311387,9048,9,11550,0,10322,,81064,21,3242.56,290780,20607,290780,27686.44,283700.56,Pot/Trap,Lobster,Pot/Trap-Lobster,1,152
24355805A,233419,1130836,1,2,401940,392009,406109,0,406109,5370,6,134360,107000,114486,500000,80989,20,3239.56,266373,246736,159373,357982.44,48126.56,Pot/Trap,Lobster,Pot/Trap-Lobster,1,152
66041535C,233420,1136742,1,2,363492,363492,367608.4,0,367608.4,5376,6,137800,136000,384858,450000,80989,20,3239.56,224426.4,279182,88426.4,660800.44,-293192.04,Pot/Trap,Lobster,Pot/Trap-Lobster,1,152
62790049L,233451,1143345,1,2,132482,132482,132482,0,132482,4728,5,53473,30609,43501,250000,76979,19,3079.16,74276,88815,43667,129236.84,3245.16,Pot/Trap,Lobster,Pot/Trap-Lobster,1,152
94109460L,233465,1144069,1,2,97934,96972,97934,0,97934,5779,6,38267,0,35050,200000,76661,19,3066.44,53882,44052,53882,76035.56,21898.44,Pot/Trap,Lobster,Pot/Trap-Lobster,1,152
16863977L,233497,1153910,1,2,114012,114001,114012,0,114012,2744,3,42050,27000,46850,200000,73725,18,2949,69215,71797,42215,115698,-1686,Pot/Trap,Lobster,Pot/Trap-Lobster,1,152
36696929H,233562,980310,1,2,133728,133728,133728,0,133728,5137,5,43200,32000,30500,0,115199,31,2303.98,85386,80342,53386,108538.02,25189.98,Pot/Trap,Lobster,Pot/Trap-Lobster,1,152
92177111J,233594,1123766,1,2,132642,132408,132642,0,132642,5020,5,53418,22420,171125,320000,79002,20,3160.08,74199,80863,51779,248827.92,-116185.92,Pot/Trap,Lobster,Pot/Trap-Lobster,1,152
33341590H,233615,1181614,1,2,402783,402783,402783,0,402783,7530,8,128174,77221,33840,185000,66381,16,2655.24,267071,212933,189850,244117.76,158665.24,Pot/Trap,Lobster,Pot/Trap-Lobster,1,152
08417557L,233624,1183189,1,2,259350,255646,259350,0,259350,7413,8,56500,58000,154522,0,67494,16,2699.76,195429,121921,137429,273743.24,-14393.24,Pot/Trap,Lobster,Pot/Trap-Lobster,1,152
72148502J,233666,1198861,1,2,142604,141538,173075,0,173075,6813,466,79674,84030,57790,250000,64240,15,2569.6,86122,170983,2092,226203.4,-53128.4,Pot/Trap,Lobster,Pot/Trap-Lobster,1,152
06977074A,233695,1209862,1,2,280050,280050,280050,0,280050,9340,10,105000,170000,68728,350000,60985,14,2439.4,165700,284350,-4300,350638.6,-70588.6,Pot/Trap,Lobster,Pot/Trap-Lobster,1,152
08133854C,233730,1084415,1,2,133758,133648,133758,0,133758,3152,3,91650,35000,68100,235000,89997,23,3599.88,38953,129805,3953,194305.12,-60547.12,Pot/Trap,Lobster,Pot/Trap-Lobster,1,152
61976440J,233786,1220196,1,2,281641,278383,293267,0,293267,6454,7,80980,118730,87683,0,57731,13,2309.24,205826,206171,87096,291544.76,1722.24,Pot/Trap,Lobster,Pot/Trap-Lobster,1,152
06696238H,233930,1233219,1,2,341835,341835,341835,0,341835,6,0,61500,40000,172400,0,50625,11,2025,280329,101506,240329,271881,69954,Pot/Trap,Lobster,Pot/Trap-Lobster,1,152
14793589C,233974,1296703,1,2,347463,347463,347463,0,347463,7589,8,94500,90000,47850,350000,24271,3,970.84,245366,192097,155366,238976.16,108486.84,Pot/Trap,Lobster,Pot/Trap-Lobster,1,152
68661064L,233999,1197719,1,2,326299,326299,326299,0,326299,5604,6,92000,98000,253200,325000,63405,15,2536.2,228689,195610,130689,446273.8,-119974.8,Pot/Trap,Lobster,Pot/Trap-Lobster,1,152
29281883G,241007,690994,1,2,190625,169035,190625,0,190625,4495,5,61399,30000,136711,250000,138700,37,2774,124726,95899,94726,229836,-39211,Pot/Trap,Lobster,Pot/Trap-Lobster,1,152
83981923L,241144,911574,1,2,139833,139833,139833,0,139833,4028,4,38276,23000,88170,300000,130601,35,2612.02,97525,65308,74525,150865.98,-11032.98,Pot/Trap,Lobster,Pot/Trap-Lobster,1,152
47487421G,241278,678882,1,2,199268,198155,199268,0,199268,6946,7,6150,42000,26000,110000,140444,38,2808.88,186165,55103,144165,78294.12,120973.88,Pot/Trap,Lobster,Pot/Trap-Lobster,1,152
40249814C,241656,979402,1,2,503096,499446,503096,0,503096,7005,7,92400,77000,40960,830000,117544,31,2350.88,403684,176412,326684,215021.12,288074.88,Pot/Trap,Lobster,Pot/Trap-Lobster,1,152
29505756J,241891,921532,1,2,108112,108112,108112,0,108112,3211,3,106000,90052,96860,150000,130601,35,2612.02,-1102,199266,-91154,293513.98,-185401.98,Pot/Trap,Lobster,Pot/Trap-Lobster,1,152
64525337J,241902,1027153,1,2,207135,199256,207135,0,207135,3619,4,55345,0,74715,345000,253594,28,5071.88,148167,58968,148167,128611.12,78523.88,Pot/Trap,Lobster,Pot/Trap-Lobster,1,152
88501716H,242493,1045796,1,2,73266,72877,73266,0,73266,2452,3,9022,0,98358,270000,106081,26,2121.62,61789,11477,61789,107713.38,-34447.38,Pot/Trap,Lobster,Pot/Trap-Lobster,1,152
95766953H,242530,NH0421BK,1,2,142215,142215,142215,0,142215,4028,4,63700,41000,21950,150000,96467,25,1929.34,74483,108732,33483,128752.66,13462.34,Pot/Trap,Lobster,Pot/Trap-Lobster,1,152
90924235F,242542,1060714,1,2,126587,124773,126587,0,126587,4145,4,102720,41000,84025,150000,97222,25,1944.44,19718,147869,-21282,229949.56,-103362.56,Pot/Trap,Lobster,Pot/Trap-Lobster,1,152
38038052B,242568,1070052,1,2,224851,224851,224851,0,224851,6188,6,66814,78970,86203,400000,261610,24,10464.4,151843,151978,72873,227716.6,-2865.6,Pot/Trap,Lobster,Pot/Trap-Lobster,1,152
21796916J,242619,964718,1,2,175552,175552,175552,0,175552,8814,9,247793,25697,75484,500000,125245,33,2504.9,-81064,282313,-106761,355292.1,-179740.1,Pot/Trap,Lobster,Pot/Trap-Lobster,1,152
93656560H,242659,1112287,1,2,4090,4090,4090,0,4090,58,0,58500,42000,312000,600000,85038,21,3401.52,-54468,100558,-96468,409156.48,-405066.48,Pot/Trap,Lobster,Pot/Trap-Lobster,1,152
38704575L,242671,1116095,1,2,254678,254678,254678,0,254678,8056,8,124324,23000,34450,250000,84959,21,3398.36,122290,155388,99290,186439.64,68238.36,Pot/Trap,Lobster,Pot/Trap-Lobster,1,152
10399399B,242685,1124565,1,2,373108,373108,373108,0,373108,7005,7,68500,0,132850,0,88412,22,3536.48,297596,75512,297596,204825.52,168282.48,Pot/Trap,Lobster,Pot/Trap-Lobster,1,152
96518633B,242696,1109828,1,2,108822,108822,108822,0,108822,4203,4,18163,25000,22871,300000,85038,21,3401.52,86452,47370,61452,66839.48,41982.52,Pot/Trap,Lobster,Pot/Trap-Lobster,1,152
43955174K,242708,1124587,1,2,331598,331143,331598,0,331598,5195,5,83000,0,85300,0,81784,20,3271.36,243398,88200,243398,170228.64,161369.36,Pot/Trap,Lobster,Pot/Trap-Lobster,1,152
90645729F,242709,1135729,1,2,216226,209712,216226,0,216226,4962,5,26000,100000,51140,475000,80989,20,3239.56,185259,130967,85259,178867.44,37358.56,Pot/Trap,Lobster,Pot/Trap-Lobster,1,152
92267554C,242840,1181641,1,2,105323,105323,105323,0,105323,4145,4,40130,25000,32420,350000,68090,16,2723.6,61044,69279,36044,98975.4,6347.6,Pot/Trap,Lobster,Pot/Trap-Lobster,1,152
17972412E,242913,1152076,1,2,57234,56835,57234,0,57234,3327,3,5000,0,17960,0,270164,18,10806.56,48904,8330,48904,15483.44,41750.56,Pot/Trap,Lobster,Pot/Trap-Lobster,1,152
71653314H,242937,696185,1,2,333946,333896,333946,0,333946,5721,6,80000,80000,94800,185000,132783,36,2655.66,248219,165727,168219,257871.34,76074.66,Pot/Trap,Lobster,Pot/Trap-Lobster,1,152
39670438C,242938,1139482,1,2,162587,159075,162587,0,162587,2977,3,81000,60000,56450,295000,77258,19,3090.32,78607,143980,18607,197339.68,-34752.68,Pot/Trap,Lobster,Pot/Trap-Lobster,1,152
73209241C,242945,1234792,1,2,545357,544331,545357,0,545357,5254,5,119766,167831,121812,450000,52494,11,2099.76,420332,292856,252501,412568.24,132788.76,Pot/Trap,Lobster,Pot/Trap-Lobster,1,152
84194514H,242968,1247468,1,2,157350,157350,157350,0,157350,1985,2,95000,90000,144400,455000,47574,9,1902.96,60363,186987,-29637,329484.04,-172134.04,Pot/Trap,Lobster,Pot/Trap-Lobster,1,152
44422624H,242983,1160344,1,2,126056,126056,190746,0,190746,9004,872,43300,75000,56650,350000,73685,18,2947.4,137570,128176,62570,181878.6,8867.4,Pot/Trap,Lobster,Pot/Trap-Lobster,1,152
83292660K,242999,1260863,1,2,622586,622586,622586,0,622586,7939,8,126500,160000,84135,600000,39873,7,1594.92,488139,294447,328139,376987.08,245598.92,Pot/Trap,Lobster,Pot/Trap-Lobster,1,152
68220463G,243046,1281667,1,2,2160,2160,2160,0,2160,58,0,143311,154627,64309,900000,289168,5,11566.72,-141209,297996,-295836,350738.28,-348578.28,Pot/Trap,Lobster,Pot/Trap-Lobster,1,152
96546528G,243073,1289337,1,2,194366,194366,194366,0,194366,2160,2,41000,0,97000,650000,261374,4,10454.96,151204,43162,151204,129707.04,64658.96,Pot/Trap,Lobster,Pot/Trap-Lobster,1,152
86911531F,243089,1294469,1,2,615193,614936,615193,0,615193,9165,9,259000,140000,117600,800000,28047,3,1121.88,347019,408174,207019,524652.12,90540.88,Pot/Trap,Lobster,Pot/Trap-Lobster,1,152
90920335B,250541,626829,1,2,295699,165775,295699,0,295699,1620,51,52100,65000,66050,,,,2811.24,241928,118771,176928,182009.76,113689.24,Gillnet,Lobster,Gillnet-Other,1,152
78084648J,251099,959379,1,2,48462,48435,48462,0,48462,3269,3,16962,9870,17497,0,120838,32,2416.76,28228,30104,18358,45184.24,3277.76,Pot/Trap,Lobster,Pot/Trap-Lobster,1,152
49604332G,251110,968046,1,2,227976,227976,227976,0,227976,7297,8,142350,40000,40380,312500,121633,32,2432.66,78321,189655,38321,227602.34,373.66,Pot/Trap,Lobster,Pot/Trap-Lobster,1,152
59328060L,251775,1241551,1,2,65365,65365,65365,0,65365,1459,2,78400,40000,91110,500000,50034,10,2001.36,-14496,119861,-54496,208969.64,-143604.64,Pot/Trap,Lobster,Pot/Trap-Lobster,1,152
46766415J,251795,1256239,1,2,88721,81539,88721,0,88721,4028,4,62381,29862,36311,500000,44638,8,1785.52,22308,96275,-7554,130800.48,-42079.48,Pot/Trap,Lobster,Pot/Trap-Lobster,1,152
61174067K,251808,1265744,1,2,350766,350766,350766,0,350766,2101,2,57120,97996,99282,468000,40270,7,1610.8,291543,157219,193547,254890.2,95875.8,Pot/Trap,Lobster,Pot/Trap-Lobster,1,152
77304431L,251820,1270702,1,2,462192,458875,462192,0,462192,5312,5,138000,131000,78600,800000,37811,6,1512.44,318875,274317,187875,351404.56,110787.44,Pot/Trap,Lobster,Pot/Trap-Lobster,1,152
50513942B,251838,1276624,1,2,256204,240267,256204,0,256204,4378,5,150000,0,292100,700000,33761,5,1350.44,101821,154383,101821,445132.56,-188928.56,Pot/Trap,Lobster,Pot/Trap-Lobster,1,152
94655527L,251857,1283803,1,2,715930,704424,715930,0,715930,6596,7,325000,200000,433900,1500000,39321,6,1572.84,384327,531603,184327,963930.16,-248000.16,Pot/Trap,Lobster,Pot/Trap-Lobster,1,152
46776077H,251868,1288369,1,2,544769,544769,544769,0,544769,6655,7,151100,131400,124590,0,31302,4,1252.08,387007,289162,255607,412499.92,132269.08,Pot/Trap,Lobster,Pot/Trap-Lobster,1,152
56366229L,251880,1296735,1,2,206285,205675,206285,0,206285,2627,3,141200,114759,92278,1000000,27253,3,1090.12,62455,258589,-52304,349776.88,-143491.88,Pot/Trap,Lobster,Pot/Trap-Lobster,1,152
63638740B,251908,1314559,1,2,467903,463051,467903,0,467903,8581,9,122493,150000,160850,1200000,20744,1,829.76,336820,281083,186820,441103.24,26799.76,Pot/Trap,Lobster,Pot/Trap-Lobster,1,152
60121714A,310559,913586,1,2,919044,751974,919044,0,919044,1868,2,270400,453300,215100,900000,780446,35,15608.92,646774,725570,193474,925061.08,-6017.08,Pot/Trap,Lobster,Pot/Trap-Lobster,1,152
99804678B,330351,610395,1,2,107355,83458,107355,0,107355,777,122,64921,12565,83422,250000,521933,43,10438.66,41535,78385,28970,151368.34,-44013.34,Trawl,Lobster,Trawl-Other,1,152
72903335K,330555,670813,1,2,961895,772751,961895,0,961895,1226,1,320000,411941,411220,750000,941053,38,18821.06,640668,733168,228727,1125566.94,-163671.94,Pot/Trap,Lobster,Pot/Trap-Lobster,1,152
56788829L,410621,1266317,1,2,2750366,2707031,2750366,0,2750366,1284,1,567698,1106095,805252,3550000,967044,7,38681.76,2181383,1675078,1075288,2441648.24,308717.76,Pot/Trap,Lobster,Pot/Trap-Lobster,1,152
76478681L,233258,638858,1,2,31541,11733,31541,0,31541,746,23,7000,4000,29380,100000,140562,41,2811.24,23772,11769,19772,38337.76,-6796.76,Gillnet,Monkfish,Gillnet-Monkfish,1,3
70450436G,240491,585936,1,2,158217,63908,158217,0,158217,983,31,115500,63450,59440,60000,284719,45,5694.38,41703,179964,-21747,233709.62,-75492.62,Gillnet,Monkfish,Gillnet-Monkfish,1,3
13843404E,241948,1029705,1,2,103366,67774,103366,0,103366,1201,38,93000,22000,38900,0,104818,27,2096.36,9127,116239,-12873,153042.64,-49676.64,Gillnet,Monkfish,Gillnet-Monkfish,1,3
93756401J,142497,VA7304AM,1,2,8795,8488,8795,0,8795,277,11,17000,0,71200,50000,45093,26,901.86,-8493,17288,-8493,87586.14,-78791.14,Handgear,Other,Handgear-Other,1,17
53408740G,148081,VA6778AV,1,2,10032,7671,10032,0,10032,288,12,6334,1000,7100,25000,44877,22,1795.08,3398,7634,2398,12938.92,-2906.92,Handgear,Other,Handgear-Other,1,17
25493432A,149170,NJ8734GS,1,2,2817447,2817447,2817447,0,2817447,152,0,25241,1153076,124179,465000,88939,20,3557.56,2792054,1178469,1638978,1299090.44,1518356.56,Seine,Other,Seine-Other,1,17
93493434L,153913,MS7837BT,1,2,5712,5712,5712,0,5712,388,61,3120,0,40750,175000,176498,36,3529.96,2143,3569,2143,40789.04,-35077.04,Trawl,Other,Trawl-Other,1,17
91482512C,211160,648930,1,2,224545,98932,224545,0,224545,6830,7,52600,54000,138866,100000,141428,40,2828.56,165108,113437,111108,249474.44,-24929.44,Pot/Trap,Other,Pot/Trap-Other,1,17
31043740C,211786,623328,1,2,32057,20470,32057,0,32057,3152,3,12300,3000,10300,60000,147898,42,2957.96,16602,18455,13602,25797.04,6259.96,Pot/Trap,Other,Pot/Trap-Other,1,17
43036321A,212519,946630,1,2,7277,7277,7277,0,7277,175,0,31500,0,17150,0,121310,33,2426.2,-24398,31675,-24398,46398.8,-39121.8,Pot/Trap,Other,Pot/Trap-Other,1,17
11313542C,223522,924651,1,2,8796,17370,17370,0,17370,203,7,5000,5000,3200,65000,64073,35,1281.46,12160,10210,7160,12128.54,5241.46,Handgear,Other,Handgear-Other,1,17
58901162A,223531,1102129,1,2,851,851,851,0,851,6,0,410,423,14982,100000,228738,22,9149.52,435,839,12,6671.48,-5820.48,Handgear,Other,Handgear-Other,1,17
48133084L,231968,973762,1,2,869,787,869,23456,24325,12,0,18100,0,130845,200000,68946,31,1378.92,6213,18112,6213,147578.08,-123253.08,Handgear,Other,Handgear-Other,1,17
01038388G,233308,1020832,1,2,107722,96372,107722,0,107722,673,21,81250,40000,48000,85000,732268,29,14645.36,25778,121944,-14222,155298.64,-47576.64,Gillnet,Other,Gillnet-Other,1,17
22911766F,240206,247532,1,2,41820,30573,41820,0,41820,6049,947,10000,140000,47000,0,381365,77,7627.3,24824,156996,-115176,196368.7,-154548.7,Trawl,Other,Trawl-Other,1,17
09826524C,241577,975434,1,2,441,441,441,2835,3276,12,0,5400,0,31200,170000,69975,33,1399.5,-2136,5412,-2136,35212.5,-31936.5,Handgear,Other,Handgear-Other,1,17
97703989A,242786,1166401,1,2,16810,16810,16810,0,16810,1931,298,78750,23000,49650,375000,76503,18,3060.12,-64169,103979,-87169,150568.88,-133758.88,Dredge_Scallop,Other,Dredge_Scallop-Other,1,17
14725448L,251221,990264,1,2,13993,13993,15911,0,15911,280,20,120500,56000,112585,335000,72870,29,1457.4,-104889,176800,-160889,287927.6,-272016.6,Handgear,Other,Handgear-Other,1,17
33449149G,330162,550162,1,2,105254,105254,105254,0,105254,444,69,72500,35000,75150,200000,537251,49,10745.02,32241,108013,-2759,172417.98,-67163.98,Trawl,Other,Trawl-Other,1,17
78652344G,410594,642436,1,2,1595996,1444327,1595996,0,1595996,1634,2,675000,425000,368000,1250000,1246802,42,24936.04,919360,1101636,494360,1444699.96,151296.04,Pot/Trap,Other,Pot/Trap-Other,1,17
32537151B,152410,ME171ZP,1,2,27497,27497,43517,0,43517,2651,407,20000,70000,61600,350000,112034,29,2240.68,20459,93058,-49541,152417.32,-108900.32,Dredge_Scallop,Scallop,Dredge_Scallop-Scallop,1,28
52281011K,152675,ME22GZC,1,2,134915,134915,134915,0,134915,6496,1004,77759,0,57206,230000,109604,30,2192.08,49656,85259,49656,140272.92,-5357.92,Dredge_Scallop,Scallop,Dredge_Scallop-Scallop,1,28
98729369J,153577,MS9887BR,1,2,176188,175881,176188,0,176188,7023,1085,28900,23957,199195,0,88741,19,3549.64,139180,60965,115223,256610.36,-80422.36,Dredge_Scallop,Scallop,Dredge_Scallop-Scallop,1,28
33603208G,230301,590815,1,2,385010,385001,385010,0,385010,9481,1465,40309,103643,190628,0,150103,44,3002.06,333755,154898,230112,342523.94,42486.06,Dredge_Scallop,Scallop,Dredge_Scallop-Scallop,1,28
65812795E,240229,556363,1,2,362328,361641,362328,0,362328,7901,1221,65000,56000,62400,350000,1162407,48,23248.14,288206,130122,232206,169273.86,193054.14,Dredge_Scallop,Scallop,Dredge_Scallop-Scallop,1,28
71999250H,240770,656499,1,2,431682,431682,431682,0,431682,10359,1601,24890,183000,134637,250000,144052,39,2881.04,394832,219850,211832,351605.96,80076.04,Dredge_Scallop,Scallop,Dredge_Scallop-Scallop,1,28
16704665B,241760,908045,1,2,130790,130537,130790,0,130790,2634,407,21450,18553,24863,45000,677938,35,13558.76,106299,43044,87746,54348.24,76441.76,Dredge_Scallop,Scallop,Dredge_Scallop-Scallop,1,28
43732126K,242556,1056845,1,2,235101,235101,282723,0,282723,14375,2117,19500,80000,56150,807000,105442,25,2108.84,246731,115992,166731,170033.16,112689.84,Dredge_Scallop,Scallop,Dredge_Scallop-Scallop,1,28
19765510H,242848,1183969,1,2,227683,227683,273647,0,273647,15279,2091,116714,89090,62808,400000,75271,16,3010.84,139563,223174,50473,282971.16,-9324.16,Dredge_Scallop,Scallop,Dredge_Scallop-Scallop,1,28
80135836C,250527,625108,1,2,149713,149713,149713,0,149713,6321,977,10200,30000,24501,150000,147256,42,2945.12,132215,47498,102215,69053.88,80659.12,Dredge_Scallop,Scallop,Dredge_Scallop-Scallop,1,28
67279777A,250650,627955,1,2,453492,452209,453492,0,453492,9481,1465,69000,175000,137950,275000,152830,42,3056.6,373546,254946,198546,389839.4,63652.6,Dredge_Scallop,Scallop,Dredge_Scallop-Scallop,1,28
72127990E,251687,1136429,1,2,977446,977446,977446,0,977446,878,136,91520,479945,912095,0,782861,20,31314.44,884912,572479,404967,1453259.56,-475813.56,Dredge_Scallop,Scallop,Dredge_Scallop-Scallop,1,28
96272887E,251772,1157148,1,2,41880,41880,71058,0,71058,10347,900,30087,0,56388,0,71373,12,2854.92,29724,41334,29724,94867.08,-23809.08,Dredge_Scallop,Scallop,Dredge_Scallop-Scallop,1,28
46178112A,310909,1090556,1,2,1362233,1362233,1362233,0,1362233,2282,353,161702,441052,380283,300000,866985,23,34679.4,1197896,605389,756844,950992.6,411240.4,Dredge_Scallop,Scallop,Dredge_Scallop-Scallop,1,28
10462332G,310982,1084925,1,2,1360756,1360756,1360756,0,1360756,878,136,150590,624094,105483,0,882224,23,35288.96,1209152,775698,585058,845892.04,514863.96,Dredge_Scallop,Scallop,Dredge_Scallop-Scallop,1,28
67598749E,321109,1159284,1,2,1046849,1046849,1046849,0,1046849,878,136,190594,0,165234,1200000,707132,18,28285.28,855241,191608,855241,328556.72,718292.28,Dredge_Scallop,Scallop,Dredge_Scallop-Scallop,1,28
99590537G,330394,615155,1,2,1581901,1581901,1581901,0,1581901,1405,217,161200,284000,299850,850000,1017666,43,20353.32,1419079,446822,1135079,726318.68,855582.32,Dredge_Scallop,Scallop,Dredge_Scallop-Scallop,1,28
46789764L,330654,626794,1,2,1835629,1835629,1835629,0,1835629,878,136,123635,905088,317255,750000,1100099,42,22001.98,1710980,1029737,805892,1324990.02,510638.98,Dredge_Scallop,Scallop,Dredge_Scallop-Scallop,1,28
00114571G,330860,1120278,1,2,1671714,1671714,1966437,0,1966437,1377,214,323668,995029,226794,0,893558,21,35742.32,1641178,1320288,646149,1511339.68,455097.32,Dredge_Scallop,Scallop,Dredge_Scallop-Scallop,1,28
90408735C,330870,1098003,1,2,1549096,1549096,1549096,0,1549096,878,136,208041,748313,191954,0,1010599,22,40423.96,1340041,957368,591728,1108898.04,440197.96,Dredge_Scallop,Scallop,Dredge_Scallop-Scallop,1,28
68828589F,330884,1027076,1,2,1320389,1320389,1320389,0,1320389,878,136,122464,589133,220449,0,933437,28,18668.74,1196911,712611,607778,914391.26,405997.74,Dredge_Scallop,Scallop,Dredge_Scallop-Scallop,1,28
56519767K,330886,1044079,1,2,1009249,1009249,1009249,0,1009249,1053,163,60250,444000,371867,0,1004120,26,20082.4,947783,505466,503783,857250.6,151998.4,Dredge_Scallop,Scallop,Dredge_Scallop-Scallop,1,28
49045315J,410134,522950,1,2,1215513,1215340,1215513,0,1215513,1580,244,110245,517898,607277,0,1050994,53,21019.88,1103444,629967,585546,1216224.12,-711.12,Dredge_Scallop,Scallop,Dredge_Scallop-Scallop,1,28
04929409J,410147,589996,1,2,1238074,1238074,1238074,0,1238074,1229,190,183541,0,428839,750000,1254214,44,25084.28,1053114,184960,1053114,588714.72,649359.28,Dredge_Scallop,Scallop,Dredge_Scallop-Scallop,1,28
23104758H,410232,610983,1,2,1590774,1590774,2733445,0,2733445,2616,407,378392,1091777,744619,0,1208694,43,24173.88,2352030,1473192,1260253,2193637.12,539807.88,Dredge_Scallop,Scallop,Dredge_Scallop-Scallop,1,28
03778465K,410236,615610,1,2,1133289,1133289,1240434,0,1240434,1211,188,62250,80000,809600,10000000,1205932,43,24118.64,1176785,143649,1096785,929130.36,311303.64,Dredge_Scallop,Scallop,Dredge_Scallop-Scallop,1,28
00091099H,410384,687824,1,2,1250171,1248144,1357029,0,1357029,1617,251,290359,0,796806,1500000,1056268,37,21125.36,1064802,292227,1064802,1067907.64,289121.36,Dredge_Scallop,Scallop,Dredge_Scallop-Scallop,1,28
50165626J,410415,914373,1,2,480646,480646,480646,0,480646,527,81,55897,184372,403180,0,1018538,35,20370.76,424141,240877,239769,623686.24,-143040.24,Dredge_Scallop,Scallop,Dredge_Scallop-Scallop,1,28
95690050A,149582,NY3729HC,1,2,104309,57756,104499,0,104499,4025,626,83125,0,146200,300000,125099,21,5003.96,16723,87776,16723,228972.04,-124473.04,Trawl,"Squid, Mackerel, Butterfish","Trawl-Squid, Mackerel, Butterfish",1,9
99267798B,150542,NY4461FR,1,2,578636,325746,578636,0,578636,5901,921,137000,180000,49600,0,126826,15,5073.04,434814,323822,254814,368348.96,210287.04,Trawl,"Squid, Mackerel, Butterfish","Trawl-Squid, Mackerel, Butterfish",1,9
79291363K,152078,MS9697BN,1,2,8850,8512,8850,0,8850,138,6,1540,0,11705,40000,69072,40,1381.44,7166,1684,7166,12007.56,-3157.56,Handgear,"Squid, Mackerel, Butterfish",Handgear-Other,1,9
06794650G,250375,590841,1,2,495881,267380,495881,0,495881,5105,799,225372,0,105150,100000,434388,44,8687.76,264605,231276,264605,327738.24,168142.76,Trawl,"Squid, Mackerel, Butterfish","Trawl-Squid, Mackerel, Butterfish",1,9
70809005E,330579,596771,1,2,861580,678549,861580,0,861580,1609,252,218000,440000,323250,0,474849,44,9496.98,641719,659861,201719,973614.02,-112034.02,Trawl,"Squid, Mackerel, Butterfish","Trawl-Squid, Mackerel, Butterfish",1,9
90586010L,330708,939745,1,2,655814,481585,655814,0,655814,2164,339,275949,250000,-776200,860000,197567,34,3951.34,377362,528452,127362,-251699.34,907513.34,Trawl,"Squid, Mackerel, Butterfish","Trawl-Squid, Mackerel, Butterfish",1,9
83260385E,410185,604983,1,2,802684,703164,802684,0,802684,1110,174,218200,263000,1020000,1000000,568802,43,11376.04,583200,482484,320200,1491107.96,-688423.96,Trawl,"Squid, Mackerel, Butterfish","Trawl-Squid, Mackerel, Butterfish",1,9
13872220G,410326,663444,1,2,1667556,1659646,3160312,0,3160312,2061,320,485884,1271593,635399,0,553154,39,11063.08,2672047,1759858,1400454,2384193.92,776118.08,Trawl,"Squid, Mackerel, Butterfish","Trawl-Squid, Mackerel, Butterfish",1,9
44080122G,410354,670418,1,2,1311153,857059,1311153,0,1311153,2164,339,323161,427431,234919,2000000,546872,38,10937.44,985489,753095,558058,977076.56,334076.44,Trawl,"Squid, Mackerel, Butterfish","Trawl-Squid, Mackerel, Butterfish",1,9
57716783C,148483,MS3048BF,1,2,1187,1187,1187,0,1187,23,1,200,0,13698,0,54875,30,1097.5,963,224,963,12824.5,-11637.5,Handgear,Striped Bass,Handgear-Striped Bass,1,12
71792667B,148601,MS3885KR,1,2,8498,8502,12634,0,12634,234,8,3505,2921,16174,12500,155323,50,3106.46,8887,6668,5966,19735.54,-7101.54,Gillnet,Striped Bass,Gillnet-Other,1,12
88291588L,150430,MS3415AR,1,2,1784,1784,1784,0,1784,23,1,2728,0,4040,90000,34948,19,1397.92,-968,2752,-968,5394.08,-3610.08,Handgear,Striped Bass,Handgear-Striped Bass,1,12
88161557G,152306,MS1703BB,1,2,1112,1112,1112,0,1112,52,2,3665,200,11850,0,28094,6,1123.76,-2607,3919,-2807,14645.24,-13533.24,Handgear,Striped Bass,Handgear-Striped Bass,1,12
71851449E,152309,MS7969AN,1,2,2336,1783,2336,0,2336,35,1,1632,0,6075,0,55366,36,1107.32,668,1668,668,6635.68,-4299.68,Handgear,Striped Bass,Handgear-Striped Bass,1,12
48632350G,152354,MS1116JZ,1,2,12789.14,5640,12789.14,0,12789.14,63,3,5832,0,12928,55000,37376,14,1495.04,6891.14,5898,6891.14,17330.96,-4541.82,Handgear,Striped Bass,Handgear-Striped Bass,1,12
47218682F,152662,MS1971JG,1,2,13144,13144,13144,760,13904,75,3,1000,0,34045,140000,26704,4,1068.16,12826,1078,12826,34054.84,-20150.84,Handgear,Striped Bass,Handgear-Striped Bass,1,12
99388510L,152738,MS3373AM,1,2,3861,2496,3861,0,3861,58,2,1535,0,3369,1300,36755,17,1470.2,2266,1595,2266,3493.8,367.2,Handgear,Striped Bass,Handgear-Striped Bass,1,12
82975651L,212504,944890,1,2,1117,783,1117,24670,25787,23,1,9150,6000,30600,70000,62968,35,1259.36,16613,15174,10613,44514.64,-18727.64,Handgear,Striped Bass,Handgear-Striped Bass,1,12
67236658E,215200,1169083,1,2,113,113,113,570,683,6,0,7300,0,14280,50000,41225,17,1649,-6623,7306,-6623,19937,-19254,Handgear,Striped Bass,Handgear-Striped Bass,1,12
47534740K,215221,1130043,1,2,2164,1499,2164,5679,7843,52,2,1350,0,10211,75000,45752,20,1830.08,6439,1404,6439,9784.92,-1941.92,Handgear,Striped Bass,Handgear-Striped Bass,1,12
92769289C,231682,629008,1,2,64310,61562,128058,0,128058,5046,13,21365,12800,27200,0,143947,42,2878.94,101634,39224,88834,63545.06,64512.94,Gillnet,Striped Bass,Gillnet-Other,1,12
