icf_master_id,permit,hullid,complete_1,complete_2,primary_gear_revenue,primary_fmp_revenue,commercial_revenue,recreational_revenue,total_revenue,observer_supply_cost,observer_water_cost,operating_survey_cost,crew_captain_survey_cost,non_operating_survey_cost,vessel_value,vessel_val_est,vessel_age,depreciation_cost,total_operating_profit_no_crew,total_operating_cost,total_operating_profit,total_cost,total_profit,Gear,Fishery,Gear_Fishery,gears,count_gear
32537151B,152410,ME171ZP,1,2,27497,27497,43517,0,43517,2651,407,20000,70000,61600,350000,120265,29,2405.3,20459,93058,-49541,152252.7,-108735.7,Dredge_Scallop,Scallop,Dredge_Scallop-Scallop,1,29
52281011K,152675,ME22GZC,1,2,134915,134915,134915,0,134915,6496,1004,77759,0,57206,230000,119870,30,2397.4,49656,85259,49656,140067.6,-5152.6,Dredge_Scallop,Scallop,Dredge_Scallop-Scallop,1,29
98729369J,153577,MS9887BR,1,2,176188,175881,176188,0,176188,7023,1085,28900,23957,199195,0,95155,19,3806.2,139180,60965,115223,256353.8,-80165.8,Dredge_Scallop,Scallop,Dredge_Scallop-Scallop,1,29
33603208G,230301,590815,1,2,385010,385001,385010,0,385010,9481,1465,16124,103643,154099,0,160836,44,3216.72,357940,130713,254297,281595.28,103414.72,Dredge_Scallop,Scallop,Dredge_Scallop-Scallop,1,29
65812795E,240229,556363,1,2,362328,361641,362328,0,362328,7901,1221,65000,56000,62400,350000,945016,48,18900.32,288206,130122,232206,173621.68,188706.32,Dredge_Scallop,Scallop,Dredge_Scallop-Scallop,1,29
71999250H,240770,656499,1,2,431682,431682,431682,0,431682,10359,1601,12445,183000,134637,250000,154887,39,3097.74,407277,207405,224277,338944.26,92737.74,Dredge_Scallop,Scallop,Dredge_Scallop-Scallop,1,29
16704665B,241760,908045,1,2,130790,130537,130790,0,130790,2634,407,10725,18553,24863,45000,641940,35,12838.8,117024,32319,98471,44343.2,86446.8,Dredge_Scallop,Scallop,Dredge_Scallop-Scallop,1,29
43732126K,242556,1056845,1,2,235101,235101,282723,0,282723,14375,2117,7020,80000,56150,807000,108862,25,2177.24,259211,103512,179211,157484.76,125238.24,Dredge_Scallop,Scallop,Dredge_Scallop-Scallop,1,29
97703989A,242786,1166401,1,2,16810,16810,16810,0,16810,1931,298,78750,23000,49650,375000,81132,18,3245.28,-64169,103979,-87169,150383.72,-133573.72,Dredge_Scallop,Other,Dredge_Scallop-Other,1,29
19765510H,242848,1183969,1,2,227683,227683,273647,0,273647,15279,2091,116714,89090,62808,400000,79733,16,3189.32,139563,223174,50473,282792.68,-9145.68,Dredge_Scallop,Scallop,Dredge_Scallop-Scallop,1,29
80135836C,250527,625108,1,2,149713,149713,149713,0,149713,6321,977,10200,30000,24501,150000,159287,42,3185.74,132215,47498,102215,68813.26,80899.74,Dredge_Scallop,Scallop,Dredge_Scallop-Scallop,1,29
67279777A,250650,627955,1,2,453492,452209,453492,0,453492,9481,1465,34500,175000,96700,275000,165779,42,3315.58,408046,220446,233046,313830.42,139661.58,Dredge_Scallop,Scallop,Dredge_Scallop-Scallop,1,29
72127990E,251687,1136429,1,2,977446,977446,977446,0,977446,878,136,0,479945,912095,0,763870,20,30554.8,976432,480959,496487,1362499.2,-385053.2,Dredge_Scallop,Scallop,Dredge_Scallop-Scallop,1,29
96272887E,251772,1157148,1,2,41880,41880,71058,0,71058,10172,900,30087,0,56388,0,73765,12,2950.6,29899,41159,29899,94596.4,-23538.4,Dredge_Scallop,Scallop,Dredge_Scallop-Scallop,1,29
46178112A,310909,1090556,1,2,1362233,1362233,1362233,0,1362233,2282,353,40426,441052,380283,300000,909447,23,36377.88,1319172,484113,878120,828018.12,534214.88,Dredge_Scallop,Scallop,Dredge_Scallop-Scallop,1,29
10462332G,310982,1084925,1,2,1360756,1360756,1360756,0,1360756,878,136,0,624094,105483,0,934845,23,37393.8,1359742,625108,735648,693197.2,667558.8,Dredge_Scallop,Scallop,Dredge_Scallop-Scallop,1,29
67598749E,321109,1159284,1,2,1046849,1046849,1046849,0,1046849,878,136,47649,0,165234,1200000,720196,18,28807.84,998186,48663,998186,185089.16,861759.84,Dredge_Scallop,Scallop,Dredge_Scallop-Scallop,1,29
99590537G,330394,615155,1,2,1581901,1581901,1581901,0,1581901,1405,217,161200,284000,299850,850000,981682,43,19633.64,1419079,446822,1135079,727038.36,854862.64,Dredge_Scallop,Scallop,Dredge_Scallop-Scallop,1,29
46789764L,330654,626794,1,2,1835629,1835629,1835629,0,1835629,878,136,58108,905088,317255,750000,1068060,42,21361.2,1776507,964210,871419,1260103.8,575525.2,Dredge_Scallop,Scallop,Dredge_Scallop-Scallop,1,29
00114571G,330860,1120278,1,2,1671714,1671714,1966437,0,1966437,1211,188,0,995029,226794,0,964187,21,38567.48,1965038,996428,970009,1184654.52,781782.48,Dredge_Scallop,Scallop,Dredge_Scallop-Scallop,1,29
90408735C,330870,1098003,1,2,1549096,1549096,1549096,0,1549096,878,136,104021,748313,191954,0,1021449,22,40857.96,1444061,853348,695748,1004444.04,544651.96,Dredge_Scallop,Scallop,Dredge_Scallop-Scallop,1,29
68828589F,330884,1027076,1,2,1320389,1320389,1320389,0,1320389,878,136,0,589133,220449,0,999300,28,19986,1319375,590147,730242,790610,529779,Dredge_Scallop,Scallop,Dredge_Scallop-Scallop,1,29
56519767K,330886,1044079,1,2,1009249,1009249,1009249,0,1009249,1053,163,9038,444000,371867,0,1025832,26,20516.64,998995,454254,554995,805604.36,203644.64,Dredge_Scallop,Scallop,Dredge_Scallop-Scallop,1,29
49045315J,410134,522950,1,2,1215513,1215340,1215513,0,1215513,1580,244,0,517898,607277,0,1121168,53,22423.36,1213689,519722,695791,1104575.64,110937.36,Dredge_Scallop,Scallop,Dredge_Scallop-Scallop,1,29
04929409J,410147,589996,1,2,1238074,1238074,1238074,0,1238074,1229,190,45885,0,428839,750000,1219489,44,24389.78,1190770,47304,1190770,451753.22,786320.78,Dredge_Scallop,Scallop,Dredge_Scallop-Scallop,1,29
23104758H,410232,610983,1,2,1590774,1590774,2733445,0,2733445,2616,407,378392,1091777,744619,0,1214905,43,24298.1,2352030,1473192,1260253,2193512.9,539932.1,Dredge_Scallop,Scallop,Dredge_Scallop-Scallop,1,29
03778465K,410236,615610,1,2,1133289,1133289,1240434,0,1240434,1211,188,28013,80000,809600,10000000,1193105,43,23862.1,1211022,109412,1131022,895149.9,345284.1,Dredge_Scallop,Scallop,Dredge_Scallop-Scallop,1,29
00091099H,410384,687824,1,2,1250171,1248144,1357029,0,1357029,1617,251,72590,0,796806,1500000,1038396,37,20767.92,1282571,74458,1282571,850496.08,506532.92,Dredge_Scallop,Scallop,Dredge_Scallop-Scallop,1,29
50165626J,410415,914373,1,2,480646,480646,480646,0,480646,527,81,27949,184372,403180,0,1007593,35,20151.86,452089,212929,267717,595957.14,-115311.14,Dredge_Scallop,Scallop,Dredge_Scallop-Scallop,1,29
71792667B,148601,MS3885KR,1,2,8498,8502,12634,0,12634,234,8,1157,2921,16174,12500,166693,50,3333.86,11235,4320,8314,17160.14,-4526.14,Gillnet,Striped Bass,Gillnet-Other,1,10
32467161A,152208,NH2515ZV,1,2,275032,268240,275032,0,275032,309,10,29078,104000,102720,120000,139048,34,2780.96,245635,133397,141635,233336.04,41695.96,Gillnet,Groundfish,Gillnet-Other,1,10
92769289C,231682,629008,1,2,64310,61562,128058,0,128058,5046,13,21365,12800,27200,0,154531,42,3090.62,101634,39224,88834,63333.38,64724.62,Gillnet,Striped Bass,Gillnet-Other,1,10
76478681L,233258,638858,1,2,31541,11733,31541,0,31541,745,23,7000,4000,29380,100000,150095,41,3001.9,23773,11768,19773,38146.1,-6605.1,Gillnet,Monkfish,Gillnet-Monkfish,1,10
01038388G,233308,1020832,1,2,107722,96372,107722,0,107722,672,21,40625,40000,48000,85000,639414,29,12788.28,66404,81318,26404,116529.72,-8807.72,Gillnet,Other,Gillnet-Other,1,10
55749631H,233835,1251022,1,2,36253,17205,36397,0,36397,690,22,38004,46675,25085,400000,61741,9,2469.64,-2319,85391,-48994,108006.36,-71609.36,Gillnet,Dogfish,Gillnet-Other,1,10
70450436G,240491,585936,1,2,158217,63908,158217,0,158217,981,31,115500,63450,59440,60000,284820,45,5696.4,41705,179962,-21745,233705.6,-75488.6,Gillnet,Monkfish,Gillnet-Monkfish,1,10
13843404E,241948,1029705,1,2,103366,67774,103366,0,103366,1199,37,93000,22000,38900,0,110713,27,2214.26,9130,116236,-12870,152921.74,-49555.74,Gillnet,Monkfish,Gillnet-Monkfish,1,10
92878123H,242598,927734,1,2,40342,19807,40342,0,40342,981,31,10529,3900,36650,200000,135500,34,2710,28801,15441,24901,49381,-9039,Gillnet,Dogfish,Gillnet-Other,1,10
90920335B,250541,626829,1,2,295699,165775,295699,0,295699,1617,50,52100,65000,66050,,,,3001.9,241932,118767,176932,181815.1,113883.9,Gillnet,Lobster,Gillnet-Other,1,10
27916953H,118154,NY1070GQ,1,2,17273,11137,17273,0,17273,242,10,9097,0,16080,80000,70532,39,1410.64,7924,9349,7924,24018.36,-6745.36,Handgear,"Fluke, BSB, Scup","Handgear-Fluke, BSB, Scup",1,59
57658913H,123551,NH6436D,1,2,14310,14310,14310,19245,33555,46,2,14350,8000,38650,60000,78621,38,1572.42,19157,22398,11157,59475.58,-25920.58,Handgear,Highly Migratory Species,Handgear-Highly Migratory Species,1,59
50401848K,138096,MS6927BK,1,2,39170.55,22570,45182.55,0,45182.55,231,9,10700,3500,46165,200000,84710,37,1694.2,34242.55,14440,30742.55,58910.8,-13728.25,Handgear,Groundfish,Handgear-Other,1,59
93756401J,142497,VA7304AM,1,2,8795,8488,8795,0,8795,167,7,17000,0,71200,50000,49590,26,991.8,-8379,17174,-8379,87382.2,-78587.2,Handgear,Other,Handgear-Other,1,59
22457654E,147069,MS9059BR,1,2,11883,7057,11883,0,11883,237,9,41501,1500,87838,75000,44781,24,1791.24,-29864,43247,-31364,129293.76,-117410.76,Handgear,"Fluke, BSB, Scup","Handgear-Fluke, BSB, Scup",1,59
53408740G,148081,VA6778AV,1,2,10032,7671,10032,0,10032,156,6,6334,1000,7100,25000,50913,22,2036.52,3536,7496,2536,12559.48,-2527.48,Handgear,Other,Handgear-Other,1,59
57716783C,148483,MS3048BF,1,2,1187,1187,1187,0,1187,23,1,200,0,13698,0,61173,30,1223.46,963,224,963,12698.54,-11511.54,Handgear,Striped Bass,Handgear-Striped Bass,1,59
98578569L,149891,MS8117AU,1,2,7053,7053,7053,0,7053,35,1,4594,400,8550,60000,48459,21,1938.36,2423,5030,2023,11641.64,-4588.64,Handgear,Highly Migratory Species,Handgear-Highly Migratory Species,1,59
57824292B,150001,NC2015WS,1,2,529492,600086.25,633610.25,0,633610.25,9579,27,42500,192000,60215,200000,69062,21,2762.48,581504.25,244106,389504.25,301558.52,332051.73,Handgear,Highly Migratory Species,Handgear-Highly Migratory Species,1,59
88291588L,150430,MS3415AR,1,2,1784,1784,1784,0,1784,23,1,2728,0,4040,90000,39319,19,1572.76,-968,2752,-968,5219.24,-3435.24,Handgear,Striped Bass,Handgear-Striped Bass,1,59
40139705E,151240,MS5034AX,1,2,3737,3245,3737,0,3737,115,5,3419,0,115153,16000,63863,37,1277.26,198,3539,198,117414.74,-113677.74,Handgear,Highly Migratory Species,Handgear-Highly Migratory Species,1,59
97915179C,151415,RI5150BB,1,2,32318.26,22595.26,32318.26,0,32318.26,75,3,12000,0,70400,90000,42953,16,1718.12,20240.26,12078,20240.26,80759.88,-48441.62,Handgear,Highly Migratory Species,Handgear-Highly Migratory Species,1,59
79291363K,152078,MS9697BN,1,2,8850,8512,8850,0,8850,138,6,1540,0,11705,40000,75901,40,1518.02,7166,1684,7166,11870.98,-3020.98,Handgear,"Squid, Mackerel, Butterfish",Handgear-Other,1,59
50704479C,152169,NY1213MC,1,2,53653,48728,53653,1804,55457,404,16,0,0,20515,61000,49164,16,1966.56,55037,420,55037,18968.44,36488.56,Handgear,"Fluke, BSB, Scup","Handgear-Fluke, BSB, Scup",1,59
47250183H,152277,NJ9297GP,1,2,5190,5190,5190,0,5190,162,6,1860,50,1938,45000,50862,21,2034.48,3162,2078,3112,1981.52,3208.48,Handgear,"Fluke, BSB, Scup","Handgear-Fluke, BSB, Scup",1,59
88161557G,152306,MS1703BB,1,2,1112,1112,1112,0,1112,52,2,3665,200,11850,0,35208,6,1408.32,-2607,3919,-2807,14360.68,-13248.68,Handgear,Striped Bass,Handgear-Striped Bass,1,59
71851449E,152309,MS7969AN,1,2,2336,1783,2336,0,2336,35,1,1632,0,6075,0,59230,36,1184.6,668,1668,668,6558.4,-4222.4,Handgear,Striped Bass,Handgear-Striped Bass,1,59
48632350G,152354,MS1116JZ,1,2,12789.14,5640,12789.14,0,12789.14,63,3,5832,0,12928,55000,44092,14,1763.68,6891.14,5898,6891.14,17062.32,-4273.18,Handgear,Striped Bass,Handgear-Striped Bass,1,59
67672600H,152355,ME211CF,1,2,57182.25,57182.25,57182.25,0,57182.25,115,5,108000,0,295600,0,56027,9,2241.08,-50937.75,108120,-50937.75,401478.92,-344296.67,Handgear,Highly Migratory Species,Handgear-Highly Migratory Species,1,59
28090231E,152441,MS0088TS,1,2,4548.5,3639.5,4548.5,0,4548.5,6,0,6950,0,25394,100000,50206,16,2008.24,-2407.5,6956,-2407.5,30341.76,-25793.26,Handgear,Highly Migratory Species,Handgear-Highly Migratory Species,1,59
98251895E,152462,MS2923BJ,1,2,37530,37530,37530,0,37530,87,3,27500,25000,64000,670000,56412,5,2256.48,9940,52590,-15060,114333.52,-76803.52,Handgear,Highly Migratory Species,Handgear-Highly Migratory Species,1,59
49960700B,152559,948601,1,2,5642,5037,5642,0,5642,211,1,1040,0,12030,180000,74005,33,1480.1,4390,1252,4390,11801.9,-6159.9,Handgear,Highly Migratory Species,Handgear-Highly Migratory Species,1,59
79303086H,152634,ME21KRS,1,2,4543.54,4543.54,4543.54,0,4543.54,6,0,6018,500,17773,95000,50002,16,2000.08,-1480.46,6524,-1980.46,22296.92,-17753.38,Handgear,Highly Migratory Species,Handgear-Highly Migratory Species,1,59
33633789A,152657,CT0085BM,1,2,1108.8,1108.8,1108.8,0,1108.8,0,0,1000,0,60600,350000,59842,13,2393.68,108.8,1000,108.8,59206.32,-58097.52,Handgear,Highly Migratory Species,Handgear-Highly Migratory Species,1,59
47218682F,152662,MS1971JG,1,2,13144,13144,13144,760,13904,75,3,1000,0,34045,140000,33602,4,1344.08,12826,1078,12826,33778.92,-19874.92,Handgear,Striped Bass,Handgear-Striped Bass,1,59
99388510L,152738,MS3373AM,1,2,3861,2496,3861,0,3861,58,2,1535,0,3369,1300,42418,17,1696.72,2266,1595,2266,3267.28,593.72,Handgear,Striped Bass,Handgear-Striped Bass,1,59
69472734H,153083,MD7890DC,1,2,4144,4144,4144,0,4144,194,1,0,50,194850,0,401197,3,16047.88,3949,245,3899,179047.12,-174903.12,Handgear,Highly Migratory Species,Handgear-Highly Migratory Species,1,59
09684228G,153178,MS5263BM,1,2,28620.68,15161.68,28843.68,0,28843.68,121,5,11000,0,15100,30000,53432,26,1068.64,17717.68,11126,17717.68,25157.36,3686.32,Handgear,Highly Migratory Species,Handgear-Highly Migratory Species,1,59
61132819J,153542,MS1987BP,1,2,10439,10439,10439,0,10439,23,1,3640,0,23755,60000,61635,31,1232.7,6775,3664,6775,26186.3,-15747.3,Handgear,Highly Migratory Species,Handgear-Highly Migratory Species,1,59
12673043C,153726,MS6479BS,1,2,12909.75,12909.75,12909.75,0,12909.75,23,1,4680,0,59761,0,50668,17,2026.72,8205.75,4704,8205.75,62438.28,-49528.53,Handgear,Highly Migratory Species,Handgear-Highly Migratory Species,1,59
22094620E,153813,NH2619ZP,1,2,2330,2330,2330,0,2330,0,0,4000,0,16050,50000,63449,35,1268.98,-1670,4000,-1670,18781.02,-16451.02,Handgear,Highly Migratory Species,Handgear-Highly Migratory Species,1,59
90956687K,210255,591609,1,2,4652,2936,4877,15337,20214,87,3,8598,0,28044,40000,76428,44,1528.56,11526,8688,11526,35203.44,-14989.44,Handgear,"Fluke, BSB, Scup","Handgear-Fluke, BSB, Scup",1,59
64228318K,211784,902404,1,2,2022,2022,2022,28611,30633,63,3,18000,0,30050,80000,71499,36,1429.98,12567,18066,12567,46686.02,-16053.02,Handgear,"Fluke, BSB, Scup","Handgear-Fluke, BSB, Scup",1,59
24720107E,211941,913082,1,2,1720,1720,1720,0,1720,0,0,1920,0,33330,70000,72224,36,1444.48,-200,1920,-200,33805.52,-32085.52,Handgear,Highly Migratory Species,Handgear-Highly Migratory Species,1,59
06281632H,212309,612147,1,2,15424.5,15424.5,15424.5,0,15424.5,6,0,3250,0,16300,75000,73248,43,1464.96,12168.5,3256,12168.5,18091.04,-2666.54,Handgear,Highly Migratory Species,Handgear-Highly Migratory Species,1,59
82975651L,212504,944890,1,2,1117,783,1117,24670,25787,23,1,9150,6000,30600,70000,69670,35,1393.4,16613,15174,10613,44380.6,-18593.6,Handgear,Striped Bass,Handgear-Striped Bass,1,59
40769560J,212962,933533,1,2,13226,7583,13226,1418,14644,352,14,7100,0,17100,35000,66081,34,1321.62,7178,7466,7178,23244.38,-8600.38,Handgear,"Fluke, BSB, Scup","Handgear-Fluke, BSB, Scup",1,59
37420691C,213391,962531,1,2,7554,7554,7554,0,7554,6,0,2419,0,9865,19500,76287,34,1525.74,5129,2425,5129,10764.26,-3210.26,Handgear,Highly Migratory Species,Handgear-Highly Migratory Species,1,59
59709308E,213954,1022662,1,2,22152,20745,22152,0,22152,133,5,9600,4000,14870,125000,64135,28,1282.7,12414,13738,8414,27325.3,-5173.3,Handgear,"Fluke, BSB, Scup","Handgear-Fluke, BSB, Scup",1,59
67973184L,214649,1043112,1,2,2498,2498,2498,10450,12948,12,0,7300,5000,19350,100000,66737,26,1334.74,5636,12312,636,30327.26,-17379.26,Handgear,Highly Migratory Species,Handgear-Highly Migratory Species,1,59
21985554B,214885,1055446,1,2,5313,5313,5553,0,5553,200,1,14000,1038,12438,125000,65288,26,1305.76,-8648,15239,-9686,26371.24,-20818.24,Handgear,Highly Migratory Species,Handgear-Highly Migratory Species,1,59
66541124B,215182,1073424,1,2,7278.25,3353.25,7278.25,0,7278.25,75,3,3900,2000,5050,100000,59870,24,2394.8,3300.25,5978,1300.25,8633.2,-1354.95,Handgear,Highly Migratory Species,Handgear-Highly Migratory Species,1,59
67236658E,215200,1169083,1,2,113,113,113,570,683,6,0,7300,0,14280,50000,48014,17,1920.56,-6623,7306,-6623,19665.44,-18982.44,Handgear,Striped Bass,Handgear-Striped Bass,1,59
47534740K,215221,1130043,1,2,2164,1499,2164,5679,7843,52,2,1350,0,10211,75000,52819,20,2112.76,6439,1404,6439,9502.24,-1659.24,Handgear,Striped Bass,Handgear-Striped Bass,1,59
67356599K,215391,1225049,1,2,13203,9520,13203,0,13203,29,1,0,150000,379000,,,,1653.12,13173,150030,-136827,527376.88,-514173.88,Handgear,Highly Migratory Species,Handgear-Highly Migratory Species,1,59
33687040L,215502,957315,1,2,7791.98,7626.98,8259.98,0,8259.98,0,0,4618,0,22220,90000,73138,33,1462.76,3641.98,4618,3641.98,25375.24,-17115.26,Handgear,Highly Migratory Species,Handgear-Highly Migratory Species,1,59
11313542C,223522,924651,1,2,8796,17370,17370,0,17370,1433,6,2500,5000,3200,65000,71125,35,1422.5,13431,8939,8431,10716.5,6653.5,Handgear,Other,Handgear-Other,1,59
58901162A,223531,1102129,1,2,851,851,851,0,851,6,0,410,423,14982,100000,228798,22,9151.92,435,839,12,6669.08,-5818.08,Handgear,Other,Handgear-Other,1,59
55705912C,230228,557094,1,2,18722.52,9826.52,18722.52,950,19672.52,63,3,8700,0,14290,0,92028,49,1840.56,10906.52,8766,10906.52,21215.44,-1542.92,Handgear,Highly Migratory Species,Handgear-Highly Migratory Species,1,59
48133084L,231968,973762,1,2,869,787,869,23456,24325,12,0,18100,0,130845,200000,78657,31,1573.14,6213,18112,6213,147383.86,-123058.86,Handgear,Other,Handgear-Other,1,59
78341685H,233750,1140121,1,2,37053,37053,37053,0,37053,92,4,27050,25000,51500,175000,60131,19,2405.24,9907,52146,-15093,101240.76,-64187.76,Handgear,Highly Migratory Species,Handgear-Highly Migratory Species,1,59
98407872B,233764,1055916,1,2,3726,3726,3726,109630,113356,0,0,14400,29380,31898,150000,66321,25,1326.42,98956,43780,69576,74351.58,39004.42,Handgear,Highly Migratory Species,Handgear-Highly Migratory Species,1,59
07276752A,233832,984482,1,2,18028.54,18028.54,18028.54,0,18028.54,58,2,17400,18000,39275,120000,71600,30,1432,568.54,35460,-17431.46,73303,-55274.46,Handgear,Highly Migratory Species,Handgear-Highly Migratory Species,1,59
89790118L,241088,620185,1,2,17363,15238,17363,0,17363,29,1,16650,20000,24330,170000,94779,42,1895.58,683,36680,-19317,59114.42,-41751.42,Handgear,Highly Migratory Species,Handgear-Highly Migratory Species,1,59
09826524C,241577,975434,1,2,441,441,441,2835,3276,12,0,5400,0,31200,170000,80181,33,1603.62,-2136,5412,-2136,35008.38,-31732.38,Handgear,Other,Handgear-Other,1,59
54010341C,243084,1111462,1,2,292,292,292,80221,80513,63,3,2750,0,116750,275000,65986,21,2639.44,77697,2816,77697,116926.56,-36413.56,Handgear,Bluefish,Handgear-Other,1,59
06567907K,243118,1093266,1,2,2497,1380,2497,1143,3640,29,1,18500,0,250100,1000000,74143,22,2965.72,-14890,18530,-14890,265664.28,-262024.28,Handgear,Highly Migratory Species,Handgear-Highly Migratory Species,1,59
14725448L,251221,990264,1,2,13993,13993,15911,0,15911,117,0,60250,56000,112585,335000,84453,29,1689.06,-44456,116367,-100456,227262.94,-211351.94,Handgear,Other,Handgear-Other,1,59
48105462A,251920,1139183,1,2,6213.5,6213.5,6213.5,887,7100.5,17,1,12063,200,32149,0,92416,22,3696.64,-4980.5,12281,-5180.5,40733.36,-33632.86,Handgear,Highly Migratory Species,Handgear-Highly Migratory Species,1,59
29877985G,212133,677262,1,2,35031,35031,39611,0,39611,6652,20,14493,0,16076,0,140411,38,2808.22,18446,21165,18446,34432.78,5178.22,Longline,Dogfish,Longline-Dogfish,1,4
62009401F,221117,648979,1,2,361569.5,353557.5,361569.5,0,361569.5,4069,11,41327,63260,142106,250000,150339,40,3006.78,316162.5,108667,252902.5,247766.22,113803.28,Longline,Highly Migratory Species,Longline-Highly Migratory Species,1,4
78098545K,310655,929813,1,2,431162,429294,431162,0,431162,1938,5,60545,46257,91137,0,937644,34,18752.88,368674,108745,322417,181129.12,250032.88,Longline,Highly Migratory Species,Longline-Highly Migratory Species,1,4
77961711L,321022,997091,1,2,5230,3746,5230,0,5230,775,2,29000,43893,403755,600000,812596,29,16251.92,-24547,73670,-68440,461173.08,-455943.08,Longline,Highly Migratory Species,Longline-Highly Migratory Species,1,4
12118964K,118048,ME4856Z,1,2,40521,40521,40521,0,40521,1868,2,17450,10400,16090,75000,164120,41,3282.4,21201,29720,10801,42527.6,-2006.6,Pot/Trap,Lobster,Pot/Trap-Lobster,1,160
77098434H,121500,ME8602M,1,2,99009,96769,99009,0,99009,5137,5,70673,41204,62072,0,210266,40,4205.32,23194,117019,-18010,174885.68,-75876.68,Pot/Trap,Lobster,Pot/Trap-Lobster,1,160
88843463H,123972,MS2574ST,1,2,75402,73690,75402,0,75402,2218,2,11862,6369,30559,70000,193034,39,3860.68,61320,20451,54951,47149.32,28252.68,Pot/Trap,Lobster,Pot/Trap-Lobster,1,160
93698639G,125047,MS5210AM,1,2,111985,107220,123425,0,123425,8500,285,35783,2460,35594,75000,173936,34,3478.72,78857,47028,76397,79143.28,44281.72,Pot/Trap,Lobster,Pot/Trap-Lobster,1,160
89024665A,131622,MS5159J,1,2,112539,111369,113498,0,113498,5452,7,13000,40000,30200,75000,136023,25,2720.46,95039,58459,55039,85938.54,27559.46,Pot/Trap,"Fluke, BSB, Scup","Pot/Trap-Fluke, BSB, Scup",1,160
50089617A,133078,MS0033PN,1,2,348,348,348,0,348,1612,3,7120,0,8080,100000,259905,34,5198.1,-8387,8735,-8387,11616.9,-11268.9,Pot/Trap,Lobster,Pot/Trap-Lobster,1,160
54255915K,135651,MS6972XX,1,2,115834,115834,115834,0,115834,4261,4,20748,27440,20189,90000,225006,40,4500.12,90821,52453,63381,68141.88,47692.12,Pot/Trap,Lobster,Pot/Trap-Lobster,1,160
71626781A,136006,MS1811KH,1,2,250294,251411,251411,0,251411,6265,7,82455,56120,92309,500000,202176,27,4043.52,162684,144847,106564,233112.48,18298.52,Pot/Trap,Lobster,Pot/Trap-Lobster,1,160
55057959L,136154,MS1898KH,1,2,51289,51289,51289,0,51289,2977,3,14060,10000,29600,0,195527,40,3910.54,34249,27040,24249,52729.46,-1440.46,Pot/Trap,Lobster,Pot/Trap-Lobster,1,160
28833536F,136583,ME7905L,1,2,49132,49132,49132,0,49132,2919,3,22163,6663,22087,100000,186919,33,3738.38,24047,31748,17384,50096.62,-964.62,Pot/Trap,Lobster,Pot/Trap-Lobster,1,160
64027905G,136617,MS0083EA,1,2,36394,36394,36394,0,36394,1343,1,11925,7500,19707,125000,204826,39,4096.52,23125,20769,15625,36379.48,14.52,Pot/Trap,Lobster,Pot/Trap-Lobster,1,160
63976614C,137413,MS5353SL,1,2,248165,248165,248165,0,248165,5779,6,115200,50000,-225750,150000,197801,35,3956.02,127180,170985,77180,-58721.02,306886.02,Pot/Trap,Lobster,Pot/Trap-Lobster,1,160
52971695H,138586,ME0498K,1,2,92150,90924,92150,0,92150,6129,6,54307,17165,82853,100000,176383,27,3527.66,31708,77607,14543,156932.34,-64782.34,Pot/Trap,Lobster,Pot/Trap-Lobster,1,160
55154146B,139211,1313985,1,2,43009,43009,43009,0,43009,2860,3,23532,9000,41058,0,181541,27,3630.82,16614,35395,7614,72822.18,-29813.18,Pot/Trap,Lobster,Pot/Trap-Lobster,1,160
45814179L,145741,ME5454B,1,2,104166,104166,104166,0,104166,4495,5,42200,15000,60135,285000,207099,34,4141.98,57466,61700,42466,117693.02,-13527.02,Pot/Trap,Lobster,Pot/Trap-Lobster,1,160
21491640B,146691,MS5743BD,1,2,11333,11333,11457,0,11457,1348,2,4180,0,6750,70000,177621,34,3552.42,5927,5530,5927,8727.58,2729.42,Pot/Trap,Lobster,Pot/Trap-Lobster,1,160
00264089G,147366,MS2895KV,1,2,330843,330843,330843,0,330843,6421,7,121500,105000,138400,400000,224630,23,8985.2,202915,232928,97915,362342.8,-31499.8,Pot/Trap,Lobster,Pot/Trap-Lobster,1,160
21667576H,148027,ME2814R,1,2,157587,157587,157587,0,157587,7238,7,35251,38137,41223,200000,169358,23,6774.32,115091,80633,76954,115081.68,42505.32,Pot/Trap,Lobster,Pot/Trap-Lobster,1,160
43565225H,148699,ME5374K,1,2,719334,719334,719334,0,719334,7355,8,196400,176000,155000,550000,193051,26,3861.02,515571,379763,339571,530901.98,188432.02,Pot/Trap,Lobster,Pot/Trap-Lobster,1,160
31498812C,149194,ME6297E,1,2,103150,100513,114245,0,114245,6074,195,28560,65000,61100,125000,164090,20,6563.6,79416,99829,14416,154365.4,-40120.4,Pot/Trap,Lobster,Pot/Trap-Lobster,1,160
81758282B,149222,ME4902Z,1,2,392479,392479,392479,0,392479,6655,7,58823,82330,96930,250000,197081,22,7883.24,326994,147815,244664,236861.76,155617.24,Pot/Trap,Lobster,Pot/Trap-Lobster,1,160
82119791F,149226,ME156PP,1,2,186646,186646,274328,0,274328,7322,493,58425,60000,251800,349000,167775,20,6711,208088,126240,148088,371329,-97001,Pot/Trap,Lobster,Pot/Trap-Lobster,1,160
40971282B,149263,ME10NLC,1,2,108925,104159,122091,0,122091,6074,222,54485,67462,31231,350000,162334,19,6493.36,61310,128243,-6152,152980.64,-30889.64,Pot/Trap,Lobster,Pot/Trap-Lobster,1,160
28451224H,149281,1149037,1,2,23626,23497,23626,0,23626,1634,2,7210,3500,24675,300000,180758,19,7230.32,14780,12346,11280,29790.68,-6164.68,Pot/Trap,Lobster,Pot/Trap-Lobster,1,160
70905043C,149574,MS9406AJ,1,2,84550,79907,84550,0,84550,6538,7,10975,15000,25950,250000,229255,42,4585.1,67030,32520,52030,53884.9,30665.1,Pot/Trap,Lobster,Pot/Trap-Lobster,1,160
71903087L,149622,DL5168Y,1,2,220573,139513,223657,0,223657,2633,3,24135,40850,65791,180000,193543,22,7741.72,196886,67621,156036,125670.28,97986.72,Pot/Trap,"Fluke, BSB, Scup","Pot/Trap-Fluke, BSB, Scup",1,160
17226237K,149911,NH1559BL,1,2,224459,223203,224459,0,224459,6771,7,56150,48432,34208,0,200052,26,4001.04,161531,111360,113099,141566.96,82892.04,Pot/Trap,Lobster,Pot/Trap-Lobster,1,160
34194137K,150117,ME133YB,1,,119410,119410,119410,0,119410,2043,2,71000,18000,55650,600000,189021,30,3780.42,46365,91045,28365,142914.58,-23504.58,Pot/Trap,Lobster,Pot/Trap-Lobster,1,160
21232813A,150269,ME115JM,1,2,211793,211490,211793,0,211793,8990,9,59495,66414,55924,80000,201486,35,4029.72,143299,134908,76885,186802.28,24990.72,Pot/Trap,Lobster,Pot/Trap-Lobster,1,160
47269469B,150291,ME14JKG,1,2,178956,178956,178956,0,178956,3502,4,79953,64450,63045,235000,180585,21,7223.4,95497,147909,31047,203730.6,-24774.6,Pot/Trap,Lobster,Pot/Trap-Lobster,1,160
92148931G,150709,ME15FNC,1,2,470293,470101,475626.73,0,475626.73,3386,3,124500,100000,280501,400000,202694,21,8107.76,347737.73,227889,247737.73,500282.24,-24655.51,Pot/Trap,Lobster,Pot/Trap-Lobster,1,160
18870361F,151476,MS1493BC,1,2,10195,10195,10195,0,10195,233,0,221025,100000,119700,650000,197426,18,7897.04,-211063,321258,-311063,433060.96,-422865.96,Pot/Trap,Lobster,Pot/Trap-Lobster,1,160
62675488C,151493,910067,1,2,250990,250990,250990,0,250990,6188,6,59197,37702,80972,0,203242,36,4064.84,185599,103093,147897,180000.16,70989.84,Pot/Trap,Lobster,Pot/Trap-Lobster,1,160
41695952G,151591,MS9838BA,1,2,277830,270097,277830,0,277830,5896,6,37455,70000,456910,425000,214814,30,4296.28,234473,113357,164473,565970.72,-288140.72,Pot/Trap,Lobster,Pot/Trap-Lobster,1,160
24027857L,151606,ME187MG,1,2,144872,144333,201078,0,201078,11163,847,83000,40000,75400,100000,220630,48,4412.6,106068,135010,66068,205997.4,-4919.4,Pot/Trap,Lobster,Pot/Trap-Lobster,1,160
79657376A,151639,MS8126RM,1,2,33917,33917,33917,0,33917,4320,4,11350,0,23955,100000,192188,36,3843.76,18243,15674,18243,35785.24,-1868.24,Pot/Trap,Lobster,Pot/Trap-Lobster,1,160
74595425L,151691,ME18VFY,1,2,105023,104958,146156,0,146156,8241,826,62500,0,433060,500000,188128,19,7525.12,74589,71567,74589,497101.88,-350945.88,Pot/Trap,Lobster,Pot/Trap-Lobster,1,160
42361545F,151857,MS8718AY,1,2,142126,73247,142126,0,142126,3561,4,50000,40000,40750,250000,174859,28,3497.18,88561,93565,48561,130817.82,11308.18,Pot/Trap,Lobster,Pot/Trap-Lobster,1,160
51433200C,152177,ME20TEK,1,2,478443,478443,478443,0,478443,1576,2,101250,100000,146700,760000,176353,6,7054.12,375615,202828,275615,342473.88,135969.12,Pot/Trap,Lobster,Pot/Trap-Lobster,1,160
91527995G,152299,MS1639BH,1,2,426116,424872,426116,0,426116,7939,8,100980,98129,179509,850000,191092,6,7643.68,317189,207056,219060,378921.32,47194.68,Pot/Trap,Lobster,Pot/Trap-Lobster,1,160
44087097B,152336,NH2528NL,1,2,265851,257445,265851,0,265851,7530,8,73025,52000,57600,500000,199069,25,3981.38,185288,132563,133288,186181.62,79669.38,Pot/Trap,Lobster,Pot/Trap-Lobster,1,160
89995915G,152377,RI4054AM,1,2,7239,4792,7239,0,7239,467,0,13000,0,12050,0,140053,21,5602.12,-6228,13467,-6228,19914.88,-12675.88,Pot/Trap,Lobster,Pot/Trap-Lobster,1,160
89245572F,152596,NH2544JL,1,2,34646,34190,34646,0,34646,2043,2,11300,6500,22090,200000,207962,24,8318.48,21301,19845,14801,33616.52,1029.48,Pot/Trap,Lobster,Pot/Trap-Lobster,1,160
31635161K,152786,ME224SY,1,2,92137,87728,100378,0,100378,5506,304,83000,0,73068,600000,180413,23,7216.52,11568,88810,11568,154661.48,-54283.48,Pot/Trap,Lobster,Pot/Trap-Lobster,1,160
76338811B,152797,NY4578EH,1,2,2241,1989,2241,0,2241,233,0,6000,0,-4800,50000,143047,29,2860.94,-3992,6233,-3992,-1427.94,3668.94,Pot/Trap,"Fluke, BSB, Scup","Pot/Trap-Fluke, BSB, Scup",1,160
13057391G,153048,NH2580ZV,1,2,104386,100102,104386,0,104386,2802,3,137000,23000,101700,350000,206206,23,8248.24,-35419,162805,-58419,256256.76,-151870.76,Pot/Trap,Lobster,Pot/Trap-Lobster,1,160
08661928C,153057,NJ4122HM,1,2,31468,30645,31468,0,31468,992,1,23474,10800,40557,114000,174109,32,3482.18,7001,35267,-3799,72341.82,-40873.82,Pot/Trap,Lobster,Pot/Trap-Lobster,1,160
91482512C,211160,648930,1,2,224545,98932,224545,0,224545,6830,7,52600,54000,138866,100000,174524,40,3490.48,165108,113437,111108,248812.52,-24267.52,Pot/Trap,Other,Pot/Trap-Other,1,160
31043740C,211786,623328,1,2,32057,20470,32057,0,32057,3152,3,12300,3000,10300,60000,177668,42,3553.36,16602,18455,13602,25201.64,6855.36,Pot/Trap,Other,Pot/Trap-Other,1,160
43036321A,212519,946630,1,2,7277,7277,7277,0,7277,175,0,31500,0,17150,0,186919,33,3738.38,-24398,31675,-24398,45086.62,-37809.62,Pot/Trap,Other,Pot/Trap-Other,1,160
90771502L,213641,963273,1,2,30204,15162,30204,0,30204,4028,4,6961,0,16354,45000,165265,32,3305.3,19211,10993,19211,24041.7,6162.3,Pot/Trap,"Fluke, BSB, Scup","Pot/Trap-Fluke, BSB, Scup",1,160
22188014K,213653,583128,1,2,82286,82286,82286,0,82286,3969,4,25576,18600,14275,55000,185515,45,3710.3,52737,48149,34137,58713.7,23572.3,Pot/Trap,Lobster,Pot/Trap-Lobster,1,160
01289150K,214861,1047884,1,2,233945,233945,233945,0,233945,5779,6,103294,67990,102973,475000,200420,26,4008.4,124866,177069,56876,276033.6,-42088.6,Pot/Trap,Lobster,Pot/Trap-Lobster,1,160
58034249G,214964,1108553,1,2,120630,120630,120630,0,120630,4787,5,70000,15000,124900,0,165846,21,6633.84,45838,89792,30838,208058.16,-87428.16,Pot/Trap,Lobster,Pot/Trap-Lobster,1,160
87623896J,214978,1119701,1,2,33937,33937,40194,0,40194,584,1,12870,4000,20170,300000,183902,21,7356.08,26739,17455,22739,30268.92,9925.08,Pot/Trap,Lobster,Pot/Trap-Lobster,1,160
27678152C,215068,1177004,1,2,138059,138059,138059,0,138059,6655,7,65000,45000,92850,0,168034,17,6721.36,66397,116662,21397,202790.64,-64731.64,Pot/Trap,Lobster,Pot/Trap-Lobster,1,160
66345907C,215106,1191245,1,2,10788,11834,17450,0,17450,770,3,4850,0,156826,0,127587,16,5103.48,11827,5623,11827,157345.52,-139895.52,Pot/Trap,"Fluke, BSB, Scup","Pot/Trap-Fluke, BSB, Scup",1,160
22676691B,215142,1232431,1,2,20874,20874,20874,12920,33794,1576,2,14100,30000,40200,0,129689,13,5187.56,18116,45678,-11884,80690.44,-46896.44,Pot/Trap,Lobster,Pot/Trap-Lobster,1,160
72140271C,215233,1095115,1,2,16492,16492,16492,0,16492,414,1,10920,0,15503,50000,159024,36,3180.48,5157,11335,5157,23657.52,-7165.52,Pot/Trap,Lobster,Pot/Trap-Lobster,1,160
79943373L,220494,572554,1,2,152084,150754,152084,0,152084,6946,7,42899,47502,79624,0,201838,48,4036.76,102232,97354,54730,172941.24,-20857.24,Pot/Trap,Lobster,Pot/Trap-Lobster,1,160
47318815B,220724,595131,1,2,36185,36145,36185,0,36185,2744,3,9372,0,16513,14000,233578,44,4671.56,24066,12119,24066,23960.44,12224.56,Pot/Trap,Lobster,Pot/Trap-Lobster,1,160
04342514J,221128,592440,1,2,46177,45008,46177,0,46177,1576,2,12628,15039,27737,90000,201815,44,4036.3,31971,29245,16932,52945.7,-6768.7,Pot/Trap,Lobster,Pot/Trap-Lobster,1,160
39849293G,221200,619431,1,2,33343,33343,33343,0,33343,1226,1,1448,0,4862,70000,228149,50,4562.98,30668,2675,30668,2974.02,30368.98,Pot/Trap,Lobster,Pot/Trap-Lobster,1,160
13871106J,221581,656583,1,2,129959,129959,129959,0,129959,2860,3,21412,41209,43992,350000,185296,39,3705.92,105684,65484,64475,105770.08,24188.92,Pot/Trap,Lobster,Pot/Trap-Lobster,1,160
65737109K,221746,699307,1,2,37568,37568,37568,0,37568,2860,3,19678,6143,18379,70000,180396,36,3607.92,15027,28684,8884,43455.08,-5887.08,Pot/Trap,Lobster,Pot/Trap-Lobster,1,160
16940342G,221836,924261,1,2,160650,160430,162540,0,162540,9281,10,52200,0,20136,0,179205,37,3584.1,101049,61491,101049,78042.9,84497.1,Pot/Trap,Lobster,Pot/Trap-Lobster,1,160
25309853L,221850,916981,1,2,67213,66418,67213,0,67213,4845,5,29463,2459,18673,0,235241,35,4704.82,32900,36772,30441,50740.18,16472.82,Pot/Trap,Lobster,Pot/Trap-Lobster,1,160
61799880H,222276,963889,1,,85643,85643,85643,0,85643,4728,5,5720,0,253675,80000,188111,32,3762.22,75190,10453,75190,260365.78,-174722.78,Pot/Trap,Lobster,Pot/Trap-Lobster,1,160
61100721F,222744,651736,1,2,369778,361592,369778,0,369778,2277,2,62448,0,25772,75000,218004,40,4360.08,305051,64727,305051,86138.92,283639.08,Pot/Trap,"Fluke, BSB, Scup","Pot/Trap-Fluke, BSB, Scup",1,160
40910422C,223229,954834,1,2,2827,2827,2827,0,2827,292,0,4900,3000,59300,175000,174759,33,3495.18,-2365,8192,-5365,63996.82,-61169.82,Pot/Trap,Lobster,Pot/Trap-Lobster,1,160
61465754K,223360,1049534,1,2,33622,33622,33622,0,33622,4203,4,12100,0,13981,100000,161816,25,3236.32,17315,16307,17315,27051.68,6570.32,Pot/Trap,Lobster,Pot/Trap-Lobster,1,160
99090231G,223363,1056621,1,2,150678,150678,152858,0,152858,7238,7,44000,10000,40650,300000,184293,25,3685.86,101613,61245,91613,98209.14,54648.86,Pot/Trap,Lobster,Pot/Trap-Lobster,1,160
34446416H,223371,1050793,1,2,96817,96817,96817,3040,99857,2860,3,21808,13000,103612,200000,171397,25,3427.94,75186,37671,62186,137855.06,-37998.06,Pot/Trap,Lobster,Pot/Trap-Lobster,1,160
52925435E,223471,1078114,1,2,118990,118892,209504,0,209504,3216,3,65230,82232,96966,600000,190275,24,7611,141055,150681,58823,240036,-30532,Pot/Trap,Lobster,Pot/Trap-Lobster,1,160
94260388C,223475,1085736,1,2,88310,88310,88310,0,88310,5195,5,56894,4612,72776,275000,184098,23,7363.92,26216,66706,21604,132118.08,-43808.08,Pot/Trap,Lobster,Pot/Trap-Lobster,1,160
43328202H,223483,1088324,1,2,394087,394087,394087,0,394087,5545,6,86020,80670,111186,450000,180413,23,7216.52,302516,172241,221846,276210.48,117876.52,Pot/Trap,Lobster,Pot/Trap-Lobster,1,160
91909441B,223549,1109245,1,2,97924,97924,97924,0,97924,1401,1,26400,0,70558,0,165846,21,6633.84,70122,27802,70122,91726.16,6197.84,Pot/Trap,Lobster,Pot/Trap-Lobster,1,160
24007969J,223578,1125342,1,2,355783,361301,397348,0,397348,7425,8,126500,105000,162070,250000,262698,20,10507.92,263415,238933,158415,390495.08,6852.92,Pot/Trap,Lobster,Pot/Trap-Lobster,1,160
99806554C,223592,1111672,1,2,91533,91533,91533,0,91533,4320,4,42900,14000,40382,170000,165846,21,6633.84,44309,61224,30309,94972.16,-3439.16,Pot/Trap,Lobster,Pot/Trap-Lobster,1,160
91547944B,223663,1178992,1,2,69684,69684,69684,0,69684,4436,5,10500,5000,21400,200000,162138,17,6485.52,54743,19941,49743,34855.48,34828.52,Pot/Trap,Lobster,Pot/Trap-Lobster,1,160
06501213A,223679,1050197,1,2,145876,145876,145876,0,145876,7589,8,47680,15938,23985,0,163572,26,3271.44,90599,71215,74661,91928.56,53947.44,Pot/Trap,Lobster,Pot/Trap-Lobster,1,160
01367050K,223694,1182596,1,2,73612,72762,73612,0,73612,525,1,14320,0,52722,0,160382,16,6415.28,58766,14846,58766,61152.72,12459.28,Pot/Trap,Lobster,Pot/Trap-Lobster,1,160
62764081F,223806,1201991,1,2,155658,155658,155658,0,155658,3444,4,49701,34564,75197,350000,159386,19,6375.44,102509,87713,67945,156534.56,-876.56,Pot/Trap,Lobster,Pot/Trap-Lobster,1,160
38560999E,223869,1096285,1,2,17339,16572,17339,0,17339,233,0,126146,68000,178930,195000,161816,25,3236.32,-109040,194379,-177040,370072.68,-352733.68,Pot/Trap,Lobster,Pot/Trap-Lobster,1,160
84019411K,230156,554592,1,2,23795,22766,23795,0,23795,817,1,16605,4204,437601,175000,226440,49,4528.8,6372,21627,2168,454699.2,-430904.2,Pot/Trap,Lobster,Pot/Trap-Lobster,1,160
48480992F,230985,635591,1,2,59800,58338,59800,0,59800,2568,3,16674,0,32313,0,207232,41,4144.64,40555,19245,40555,47413.36,12386.64,Pot/Trap,Lobster,Pot/Trap-Lobster,1,160
50165740C,231529,697457,1,2,205699,205699,205699,0,205699,5662,6,90573,68586,71719,300000,259947,36,5198.94,109458,164827,40872,231347.06,-25648.06,Pot/Trap,Lobster,Pot/Trap-Lobster,1,160
82994531J,231803,952224,1,2,320290,320290,320290,0,320290,4320,4,42548,66300,117375,225000,197974,33,3959.48,273418,113172,207118,226587.52,93702.48,Pot/Trap,Lobster,Pot/Trap-Lobster,1,160
64968744F,231809,947819,1,2,204810,204810,205020,0,205020,9340,37,32578,0,25430,150000,211976,33,4239.52,163065,41955,163065,63145.48,141874.52,Pot/Trap,Lobster,Pot/Trap-Lobster,1,160
02360262B,232084,924259,1,2,142624,140895,142624,0,142624,5370,6,77000,17500,101675,90000,190063,35,3801.26,60248,99876,42748,197749.74,-55125.74,Pot/Trap,Lobster,Pot/Trap-Lobster,1,160
98348093K,232174,901407,1,2,40178,40178,40178,0,40178,2043,2,10949,0,14996,12000,203242,36,4064.84,27184,12994,27184,23925.16,16252.84,Pot/Trap,Lobster,Pot/Trap-Lobster,1,160
26436291B,232304,998559,1,2,258512,258512,258512,0,258512,3094,3,84550,60500,189395,300000,189562,28,3791.24,170865,148147,110365,333750.76,-75238.76,Pot/Trap,Lobster,Pot/Trap-Lobster,1,160
59541968G,232539,1028089,1,2,280973,280973,280973,0,280973,5545,6,52000,80000,54488,0,178139,28,3562.78,223422,137551,143422,188476.22,92496.78,Pot/Trap,Lobster,Pot/Trap-Lobster,1,160
75556957L,232552,901755,1,2,29939,29939,29939,0,29939,817,1,123464,55000,88475,125000,210243,36,4204.86,-94343,179282,-149343,263552.14,-233613.14,Pot/Trap,Lobster,Pot/Trap-Lobster,1,160
89174440J,233154,1052004,1,2,239562,239562,239562,0,239562,7661,10,112000,0,109700,400000,249226,25,4984.52,119891,119671,119891,224386.48,15175.52,Pot/Trap,Lobster,Pot/Trap-Lobster,1,160
74841395L,233290,1093929,1,2,163926,163926,163926,0,163926,4787,5,49618,28935,55469,250000,173866,22,6954.64,109516,83345,80581,131859.36,32066.64,Pot/Trap,Lobster,Pot/Trap-Lobster,1,160
65431379A,233321,1106257,1,2,108691,108691,108691,0,108691,4670,5,42830,57360,23500,200000,171287,22,6851.48,61186,104865,3826,121513.52,-12822.52,Pot/Trap,Lobster,Pot/Trap-Lobster,1,160
66896376J,233346,1111461,1,2,353371,353371,389150.5,0,389150.5,5721,6,75000,50000,50700,0,169162,21,6766.48,308423.5,130727,258423.5,174660.52,214489.98,Pot/Trap,Lobster,Pot/Trap-Lobster,1,160
57109785H,233360,1116776,1,2,184876,184876,184876,0,184876,6479,7,23473,0,22922,170000,184270,21,7370.8,154917,29959,154917,45510.2,139365.8,Pot/Trap,Lobster,Pot/Trap-Lobster,1,160
75876313H,233363,1113670,1,2,332956,331701,332956,0,332956,9281,10,91000,50000,59900,280000,169531,21,6781.24,232665,150291,182665,203409.76,129546.24,Pot/Trap,Lobster,Pot/Trap-Lobster,1,160
62806482H,233375,1121814,1,2,311387,310423,311387,0,311387,9048,9,11550,0,10322,,154792,21,6191.68,290780,20607,290780,24737.32,286649.68,Pot/Trap,Lobster,Pot/Trap-Lobster,1,160
24355805A,233419,1130836,1,2,401940,392009,406109,0,406109,5370,6,134360,107000,114486,500000,182514,20,7300.56,266373,246736,159373,353921.44,52187.56,Pot/Trap,Lobster,Pot/Trap-Lobster,1,160
66041535C,233420,1136742,1,2,363492,363492,367608.4,0,367608.4,5376,6,137800,136000,384858,450000,182514,20,7300.56,224426.4,279182,88426.4,656739.44,-289131.04,Pot/Trap,Lobster,Pot/Trap-Lobster,1,160
62790049L,233451,1143345,1,2,132482,132482,132482,0,132482,4728,5,53473,30609,43501,250000,173757,19,6950.28,74276,88815,43667,125365.72,7116.28,Pot/Trap,Lobster,Pot/Trap-Lobster,1,160
94109460L,233465,1144069,1,2,97934,96972,97934,0,97934,5779,6,38267,0,35050,200000,170809,19,6832.36,53882,44052,53882,72269.64,25664.36,Pot/Trap,Lobster,Pot/Trap-Lobster,1,160
16863977L,233497,1153910,1,2,114012,114001,114012,0,114012,2744,3,42050,27000,46850,200000,172001,18,6880.04,69215,71797,42215,111766.96,2245.04,Pot/Trap,Lobster,Pot/Trap-Lobster,1,160
36696929H,233562,980310,1,2,133728,133728,133728,0,133728,5137,5,43200,32000,30500,0,187092,31,3741.84,85386,80342,53386,107100.16,26627.84,Pot/Trap,Lobster,Pot/Trap-Lobster,1,160
92177111J,233594,1123766,1,2,132642,132408,132642,0,132642,5020,5,53418,22420,171125,320000,164090,20,6563.6,74199,80863,51779,245424.4,-112782.4,Pot/Trap,Lobster,Pot/Trap-Lobster,1,160
33341590H,233615,1181614,1,2,402783,402783,402783,0,402783,7530,8,128174,77221,33840,185000,160750,16,6430,267071,212933,189850,240343,162440,Pot/Trap,Lobster,Pot/Trap-Lobster,1,160
08417557L,233624,1183189,1,2,259350,255646,259350,0,259350,7413,8,56500,58000,154522,0,171068,16,6842.72,195429,121921,137429,269600.28,-10250.28,Pot/Trap,Lobster,Pot/Trap-Lobster,1,160
72148502J,233666,1198861,1,2,142604,141538,173075,0,173075,6798,465,79674,84030,57790,250000,169312,15,6772.48,86138,170967,2108,221984.52,-48909.52,Pot/Trap,Lobster,Pot/Trap-Lobster,1,160
06977074A,233695,1209862,1,2,280050,280050,280050,0,280050,9340,10,1050,170000,68728,350000,167556,14,6702.24,269650,180400,99650,242425.76,37624.24,Pot/Trap,Lobster,Pot/Trap-Lobster,1,160
08133854C,233730,1084415,1,2,133758,133648,133758,0,133758,3152,3,91650,35000,68100,235000,180781,23,7231.24,38953,129805,3953,190673.76,-56915.76,Pot/Trap,Lobster,Pot/Trap-Lobster,1,160
61976440J,233786,1220196,1,2,281641,278383,293267,0,293267,6454,7,80980,118730,87683,0,165800,13,6632,205826,206171,87096,287222,6045,Pot/Trap,Lobster,Pot/Trap-Lobster,1,160
06696238H,233930,1233219,1,2,341835,341835,341835,0,341835,6018,6,61500,40000,172400,0,156760,11,6270.4,274311,107524,234311,273653.6,68181.4,Pot/Trap,Lobster,Pot/Trap-Lobster,1,160
14793589C,233974,1296703,1,2,347463,347463,347463,0,347463,7589,8,94500,90000,47850,350000,139764,3,5590.56,245366,192097,155366,234356.44,113106.56,Pot/Trap,Lobster,Pot/Trap-Lobster,1,160
68661064L,233999,1197719,1,2,326299,326299,326299,0,326299,5604,6,92000,98000,253200,325000,161574,15,6462.96,228689,195610,130689,442347.04,-116048.04,Pot/Trap,Lobster,Pot/Trap-Lobster,1,160
29281883G,241007,690994,1,2,190625,169035,190625,0,190625,4495,5,61399,30000,136711,250000,234477,37,4689.54,124726,95899,94726,227920.46,-37295.46,Pot/Trap,Lobster,Pot/Trap-Lobster,1,160
83981923L,241144,911574,1,2,139833,139833,139833,0,139833,4028,4,38276,23000,88170,300000,216225,35,4324.5,97525,65308,74525,149153.5,-9320.5,Pot/Trap,Lobster,Pot/Trap-Lobster,1,160
47487421G,241278,678882,1,2,199268,198155,199268,0,199268,6946,7,4613,42000,26000,110000,222230,38,4444.6,187702,53566,145702,75121.4,124146.6,Pot/Trap,Lobster,Pot/Trap-Lobster,1,160
40249814C,241656,979402,1,2,503096,499446,503096,0,503096,7005,7,92400,77000,40960,830000,208832,31,4176.64,403684,176412,326684,213195.36,289900.64,Pot/Trap,Lobster,Pot/Trap-Lobster,1,160
29505756J,241891,921532,1,2,108112,108112,108112,0,108112,3211,3,106000,90052,96860,150000,216225,35,4324.5,-1102,199266,-91154,291801.5,-183689.5,Pot/Trap,Lobster,Pot/Trap-Lobster,1,160
64525337J,241902,1027153,1,2,207135,199256,207135,0,207135,3561,4,55345,0,74715,345000,253609,28,5072.18,148225,58910,148225,128552.82,78582.18,Pot/Trap,Lobster,Pot/Trap-Lobster,1,160
88501716H,242493,1045796,1,2,73266,72877,73266,0,73266,2452,3,9022,0,98358,270000,244638,26,4892.76,61789,11477,61789,104942.24,-31676.24,Pot/Trap,Lobster,Pot/Trap-Lobster,1,160
95766953H,242530,NH0421BK,1,2,142215,142215,142215,0,142215,4028,4,63700,41000,21950,150000,183925,25,3678.5,74483,108732,33483,127003.5,15211.5,Pot/Trap,Lobster,Pot/Trap-Lobster,1,160
90924235F,242542,1060714,1,2,126587,124773,126587,0,126587,4145,4,82176,41000,84025,150000,190926,25,3818.52,40262,127325,-738,207531.48,-80944.48,Pot/Trap,Lobster,Pot/Trap-Lobster,1,160
38038052B,242568,1070052,1,2,224851,224851,224851,0,224851,6188,6,66814,78970,86203,400000,261548,24,10461.92,151843,151978,72873,227719.08,-2868.08,Pot/Trap,Lobster,Pot/Trap-Lobster,1,160
21796916J,242619,964718,1,2,175552,175552,175552,0,175552,8814,9,247793,25697,75484,500000,223399,33,4467.98,-81064,282313,-106761,353329.02,-177777.02,Pot/Trap,Lobster,Pot/Trap-Lobster,1,160
93656560H,242659,1112287,1,2,4090,4090,4090,0,4090,58,0,58500,42000,312000,600000,191640,21,7665.6,-54468,100558,-96468,404892.4,-400802.4,Pot/Trap,Lobster,Pot/Trap-Lobster,1,160
38704575L,242671,1116095,1,2,254678,254678,254678,0,254678,8056,8,124324,23000,34450,250000,190903,21,7636.12,122290,155388,99290,182201.88,72476.12,Pot/Trap,Lobster,Pot/Trap-Lobster,1,160
10399399B,242685,1124565,1,2,373108,373108,373108,0,373108,7005,7,68500,0,132850,0,194501,22,7780.04,297596,75512,297596,200581.96,172526.04,Pot/Trap,Lobster,Pot/Trap-Lobster,1,160
96518633B,242696,1109828,1,2,108822,108822,108822,0,108822,4086,4,18163,25000,22871,300000,191640,21,7665.6,86569,47253,61569,62458.4,46363.6,Pot/Trap,Lobster,Pot/Trap-Lobster,1,160
43955174K,242708,1124587,1,2,331598,331143,331598,0,331598,5195,5,83000,0,85300,0,189884,20,7595.36,243398,88200,243398,165904.64,165693.36,Pot/Trap,Lobster,Pot/Trap-Lobster,1,160
90645729F,242709,1135729,1,2,216226,209712,216226,0,216226,4962,5,26000,100000,51140,475000,182514,20,7300.56,185259,130967,85259,174806.44,41419.56,Pot/Trap,Lobster,Pot/Trap-Lobster,1,160
92267554C,242840,1181641,1,2,105323,105323,105323,0,105323,4145,4,40130,25000,32420,350000,176595,16,7063.8,61044,69279,36044,94635.2,10687.8,Pot/Trap,Lobster,Pot/Trap-Lobster,1,160
17972412E,242913,1152076,1,2,57234,56835,57234,0,57234,3327,3,5000,0,17960,0,270062,18,10802.48,48904,8330,48904,15487.52,41746.48,Pot/Trap,Lobster,Pot/Trap-Lobster,1,160
71653314H,242937,696185,1,2,333946,333896,333946,0,333946,5721,6,80000,80000,94800,185000,208032,36,4160.64,248219,165727,168219,256366.36,77579.64,Pot/Trap,Lobster,Pot/Trap-Lobster,1,160
39670438C,242938,1139482,1,2,162587,159075,162587,0,162587,2977,3,81000,60000,56450,295000,176336,19,7053.44,78607,143980,18607,193376.56,-30789.56,Pot/Trap,Lobster,Pot/Trap-Lobster,1,160
73209241C,242945,1234792,1,2,545357,544331,545357,0,545357,5254,5,119766,167831,121812,450000,174079,11,6963.16,420332,292856,252501,407704.84,137652.16,Pot/Trap,Lobster,Pot/Trap-Lobster,1,160
84194514H,242968,1247468,1,2,157350,157350,157350,0,157350,1985,2,95000,90000,144400,455000,185306,9,7412.24,60363,186987,-29637,323974.76,-166624.76,Pot/Trap,Lobster,Pot/Trap-Lobster,1,160
44422624H,242983,1160344,1,2,126056,126056,190746,0,190746,9004,872,43300,75000,56650,350000,171632,18,6865.28,137570,128176,62570,177960.72,12785.28,Pot/Trap,Lobster,Pot/Trap-Lobster,1,160
83292660K,242999,1260863,1,2,622586,622586,622586,0,622586,7939,8,126500,160000,84135,600000,170739,7,6829.56,488139,294447,328139,371752.44,250833.56,Pot/Trap,Lobster,Pot/Trap-Lobster,1,160
68220463G,243046,1281667,1,2,2160,2160,2160,0,2160,58,0,47293,154627,64309,900000,288921,5,11556.84,-45191,201978,-199818,254730.16,-252570.16,Pot/Trap,Lobster,Pot/Trap-Lobster,1,160
96546528G,243073,1289337,1,2,194366,194366,194366,0,194366,2160,2,41000,0,97000,650000,261130,4,10445.2,151204,43162,151204,129716.8,64649.2,Pot/Trap,Lobster,Pot/Trap-Lobster,1,160
86911531F,243089,1294469,1,2,615193,614936,615193,0,615193,9165,9,259000,140000,117600,800000,174769,3,6990.76,347019,408174,207019,518783.24,96409.76,Pot/Trap,Lobster,Pot/Trap-Lobster,1,160
78084648J,251099,959379,1,2,48462,48435,48462,0,48462,3269,3,16962,9870,17497,0,210957,32,4219.14,28228,30104,18358,43381.86,5080.14,Pot/Trap,Lobster,Pot/Trap-Lobster,1,160
49604332G,251110,968046,1,2,227976,227976,227976,0,227976,7297,8,142350,40000,40380,312500,218326,32,4366.52,78321,189655,38321,225668.48,2307.52,Pot/Trap,Lobster,Pot/Trap-Lobster,1,160
59328060L,251775,1241551,1,2,65365,65365,65365,0,65365,1459,2,78400,40000,91110,500000,179692,10,7187.68,-14496,119861,-54496,203783.32,-138418.32,Pot/Trap,Lobster,Pot/Trap-Lobster,1,160
46766415J,251795,1256239,1,2,88721,81539,88721,0,88721,4028,4,62381,29862,36311,500000,186497,8,7459.88,22308,96275,-7554,125126.12,-36405.12,Pot/Trap,Lobster,Pot/Trap-Lobster,1,160
61174067K,251808,1265744,1,2,350766,350766,350766,0,350766,2101,2,42840,97996,99282,468000,174424,7,6976.96,305823,142939,207827,235244.04,115521.96,Pot/Trap,Lobster,Pot/Trap-Lobster,1,160
77304431L,251820,1270702,1,2,462192,458875,462192,0,462192,5312,5,110400,131000,78600,800000,180037,6,7201.48,346475,246717,215475,318115.52,144076.48,Pot/Trap,Lobster,Pot/Trap-Lobster,1,160
50513942B,251838,1276624,1,2,256204,240267,256204,0,256204,4378,5,100500,0,292100,700000,170912,5,6836.48,151321,104883,151321,390146.52,-133942.52,Pot/Trap,Lobster,Pot/Trap-Lobster,1,160
94655527L,251857,1283803,1,2,715930,704424,715930,0,715930,6596,7,162500,200000,433900,1500000,194040,6,7761.6,546827,369103,346827,795241.4,-79311.4,Pot/Trap,Lobster,Pot/Trap-Lobster,1,160
46776077H,251868,1288369,1,2,544769,544769,544769,0,544769,6655,7,151100,131400,124590,0,176525,4,7061,387007,289162,255607,406691,138078,Pot/Trap,Lobster,Pot/Trap-Lobster,1,160
56366229L,251880,1296735,1,2,206285,205675,206285,0,206285,2627,3,141200,114759,92278,1000000,167400,3,6696,62455,258589,-52304,344171,-137886,Pot/Trap,Lobster,Pot/Trap-Lobster,1,160
63638740B,251908,1314559,1,2,467903,463051,467903,0,467903,8581,9,122493,150000,160850,1200000,163887,1,6555.48,336820,281083,186820,435377.52,32525.48,Pot/Trap,Lobster,Pot/Trap-Lobster,1,160
60121714A,310559,913586,1,2,919044,751974,919044,0,919044,1868,2,135200,453300,215100,900000,804286,35,16085.72,781974,590370,328674,789384.28,129659.72,Pot/Trap,Lobster,Pot/Trap-Lobster,1,160
72903335K,330555,670813,1,2,961895,772751,961895,0,961895,1226,1,192000,411941,411220,750000,990412,38,19808.24,768668,605168,356727,996579.76,-34684.76,Pot/Trap,Lobster,Pot/Trap-Lobster,1,160
78652344G,410594,642436,1,2,1595996,1444327,1595996,0,1595996,1634,2,337500,425000,368000,1250000,1274725,42,25494.5,1256860,764136,831860,1106641.5,489354.5,Pot/Trap,Other,Pot/Trap-Other,1,160
56788829L,410621,1266317,1,2,2750366,2707031,2750366,0,2750366,1284,1,283849,1106095,805252,3550000,1030401,7,41216.04,2465232,1391229,1359137,2155264.96,595101.04,Pot/Trap,Lobster,Pot/Trap-Lobster,1,160
25493432A,149170,NJ8734GS,1,2,2817447,2817447,2817447,0,2817447,152,0,0,1153076,124179,465000,96269,20,3850.76,2817295,1153228,1664219,1273556.24,1543890.76,Seine,Other,Seine-Other,1,3
43240207C,152445,ME21GSN,1,2,155099,155099,155099,0,155099,20,0,16248,106836,82735,275000,133782,33,2675.64,138831,123104,31995,203163.36,-48064.36,Seine,Herring,Seine-Herring,1,3
33794810J,410100,563802,1,2,485335,485335,485335,0,485335,18,0,15268,196000,249193,0,1180131,47,23602.62,470049,211286,274049,436876.38,48458.62,Seine,Herring,Seine-Herring,1,3
95690050A,149582,NY3729HC,1,2,104309,57756,104499,0,104499,4123,333,83125,0,146200,300000,118479,21,4739.16,16918,87581,16918,229041.84,-124542.84,Trawl,"Squid, Mackerel, Butterfish","Trawl-Squid, Mackerel, Butterfish",1,29
99267798B,150542,NY4461FR,1,2,578636,325746,578636,0,578636,5901,921,68500,180000,49600,0,118220,15,4728.8,503314,255322,323314,300193.2,278442.8,Trawl,"Squid, Mackerel, Butterfish","Trawl-Squid, Mackerel, Butterfish",1,29
93493434L,153913,MS7837BT,1,2,5712,5712,5712,0,5712,0,0,3120,0,40750,175000,173072,36,3461.44,2592,3120,2592,40408.56,-34696.56,Trawl,Other,Trawl-Other,1,29
87878136A,233816,1248737,1,2,6877,10670,16965.16,0,16965.16,2574,3,50000,0,98700,275000,86055,9,3442.2,-35611.84,52577,-35611.84,147834.8,-130869.64,Trawl,"Fluke, BSB, Scup","Trawl-Fluke, BSB, Scup",1,29
22911766F,240206,247532,1,2,41820,30573,41820,0,41820,5272,825,10000,140000,47000,0,381761,77,7635.22,25723,156097,-114277,195461.78,-153641.78,Trawl,Other,Trawl-Other,1,29
06794650G,250375,590841,1,2,495881,267380,495881,0,495881,5105,799,225372,0,105150,100000,458650,44,9173,264605,231276,264605,327253,168628,Trawl,"Squid, Mackerel, Butterfish","Trawl-Squid, Mackerel, Butterfish",1,29
64598582E,250466,605916,1,2,125874,98132,125874,0,125874,4051,634,21657,25000,29500,,,,9494.92,99532,51342,74532,71347.08,54526.92,Trawl,"Fluke, BSB, Scup","Trawl-Fluke, BSB, Scup",1,29
50770028G,250508,621654,1,2,397573,319175,397573,0,397573,6382,999,117000,70000,167700,200000,200504,42,4010.08,273192,194381,203192,358070.92,39502.08,Trawl,Groundfish,Trawl-Groundfish,1,29
82611874L,310187,505658,1,2,218600,167078,218600,0,218600,4218,660,158500,48000,132350,0,504439,56,10088.78,55222,211378,7222,333639.22,-115039.22,Trawl,"Fluke, BSB, Scup","Trawl-Fluke, BSB, Scup",1,29
55435632E,310360,619934,1,2,560864,465116,560864,0,560864,7214,1129,162000,120000,314698,600000,475349,42,9506.98,390521,290343,270521,595534.02,-34670.02,Trawl,Groundfish,Trawl-Groundfish,1,29
81700060F,310453,641336,1,2,509954,445316,509954,0,509954,7159,1120,130196,213000,326154,500000,226379,41,4527.58,371479,351475,158479,673101.42,-163147.42,Trawl,Groundfish,Trawl-Groundfish,1,29
84499146L,310979,521933,1,2,854530,820453,854530,0,854530,3885,608,46134,0,219400,650000,537876,53,10757.52,803903,50627,803903,259269.48,595260.52,Trawl,"Fluke, BSB, Scup","Trawl-Fluke, BSB, Scup",1,29
35374085G,310980,1038589,1,2,819849,745745,819849,0,819849,3385,530,64400,248000,260900,650000,474143,27,9482.86,751534,316315,503534,567732.14,252116.86,Trawl,"Fluke, BSB, Scup","Trawl-Fluke, BSB, Scup",1,29
80778300L,310991,587180,1,2,301830,183188,301830,0,301830,6881,1077,87038,115461,114973,265000,219884,45,4397.68,206834,210457,91373,321032.32,-19202.32,Trawl,"Fluke, BSB, Scup","Trawl-Fluke, BSB, Scup",1,29
32514845H,320583,637907,1,2,548223,347731,548223,0,548223,3219,504,0,420000,108400,400000,494490,41,9889.8,544500,423723,124500,522233.2,25989.8,Trawl,Skate,Trawl-Other,1,29
04306385G,321127,929882,1,2,19932,18261,29703,0,29703,277,43,13200,32000,23900,60000,352475,34,7049.5,16183,45520,-15817,62370.5,-32667.5,Trawl,"Fluke, BSB, Scup","Trawl-Fluke, BSB, Scup",1,29
90866336B,321132,585865,1,2,674042,655486,674042,0,674042,2719,426,33675,283248,73358,350000,513873,45,10277.46,637222,320068,353974,383148.54,290893.46,Trawl,"Fluke, BSB, Scup","Trawl-Fluke, BSB, Scup",1,29
98145960C,330161,531014,1,,1045735,998727,1045735,0,1045735,1110,174,25965,314470,170997,0,546789,51,10935.78,1018486,341719,704016,501780.22,543954.78,Trawl,"Fluke, BSB, Scup","Trawl-Fluke, BSB, Scup",1,29
33449149G,330162,550162,1,2,105254,105254,105254,0,105254,0,0,36250,35000,75150,200000,565461,49,11309.22,69004,71250,34004,135090.78,-29836.78,Trawl,Other,Trawl-Other,1,29
99804678B,330351,610395,1,2,107355,83458,107355,0,107355,777,122,32461,12565,81419,250000,559917,43,11198.34,73995,45925,61430,116145.66,-8790.66,Trawl,Lobster,Trawl-Other,1,29
25819462L,330519,652122,1,2,990749,774550,990749,0,990749,1443,226,71010,283573,210217,0,558234,40,11164.68,918070,356252,634497,555304.32,435444.68,Trawl,Groundfish,Trawl-Groundfish,1,29
70809005E,330579,596771,1,2,861580,678549,861580,0,861580,1609,252,98100,440000,323250,0,494281,44,9885.62,761619,539961,321619,853325.38,8254.62,Trawl,"Squid, Mackerel, Butterfish","Trawl-Squid, Mackerel, Butterfish",1,29
90586010L,330708,939745,1,2,655814,481585,655814,0,655814,2164,339,137975,250000,-831200,860000,190176,34,3803.52,515336,390478,265336,-444525.52,1100339.52,Trawl,"Squid, Mackerel, Butterfish","Trawl-Squid, Mackerel, Butterfish",1,29
83260385E,410185,604983,1,2,802684,703164,802684,0,802684,1110,174,98190,263000,1020000,1000000,604653,43,12093.06,703210,362474,440210,1370380.94,-567696.94,Trawl,"Squid, Mackerel, Butterfish","Trawl-Squid, Mackerel, Butterfish",1,29
95869670C,410242,615489,1,2,2856286,2659895,2856286,0,2856286,1831,287,358080,868000,493644,900000,627204,43,12544.08,2496088,1228198,1628088,1709297.92,1146988.08,Trawl,Groundfish,Trawl-Groundfish,1,29
13872220G,410326,663444,1,2,1667556,1659646,3160312,0,3160312,2061,320,165201,1271593,631687,0,590576,39,11811.52,2992730,1439175,1721137,2059050.48,1101261.52,Trawl,"Squid, Mackerel, Butterfish","Trawl-Squid, Mackerel, Butterfish",1,29
44080122G,410354,670418,1,2,1311153,857059,1311153,0,1311153,2109,330,0,427431,234919,2000000,577942,38,11558.84,1308714,429870,881283,653230.16,657922.84,Trawl,"Squid, Mackerel, Butterfish","Trawl-Squid, Mackerel, Butterfish",1,29
95498852F,420064,989516,1,2,771519,594183,771519,0,771519,166,26,39646,294205,230900,0,897171,29,17943.42,731681,334043,437476,546999.58,224519.42,Trawl,Herring,Trawl-Other,1,29
58295317A,440014,1062183,1,2,845899,655830,852649,0,852649,336,52,141192,228000,848000,0,841850,25,16837,711069,369580,483069,1200743,-348094,Trawl,Herring,Trawl-Other,1,29
